model,split,y_true,y_pred
pca_rf,train,0.0,0.19030000000000002
pca_rf,train,0.0,0.07239999999999999
pca_rf,train,1.35,1.290999999999998
pca_rf,train,0.0,0.20380000000000004
pca_rf,train,0.0,0.22579999999999997
pca_rf,train,0.0,0.0259
pca_rf,train,6.51,7.397499999999995
pca_rf,train,5.54,6.150099999999988
pca_rf,train,8.79,8.82504999999999
pca_rf,train,7.54,7.804799999999987
pca_rf,train,6.21,7.949600000000007
pca_rf,train,6.05,4.906499999999989
pca_rf,train,6.97,8.038800000000016
pca_rf,train,6.32,6.495799999999999
pca_rf,train,5.25,5.39045
pca_rf,train,4.0,3.979699999999998
pca_rf,train,5.36,5.465400000000005
pca_rf,train,4.39,4.0176999999999925
pca_rf,train,11.85,11.223899999999976
pca_rf,train,11.26,10.438249999999991
pca_rf,train,11.72,11.6827
pca_rf,train,10.71,10.277150000000017
pca_rf,train,2.5,2.769800000000002
pca_rf,train,1.93,3.5547999999999913
pca_rf,train,2.29,2.8035500000000018
pca_rf,train,1.92,2.940849999999997
pca_rf,train,9.8,8.631499999999983
pca_rf,train,6.45,7.110800000000011
pca_rf,train,7.63,7.881450000000019
pca_rf,train,5.93,6.2311999999999905
pca_rf,train,17.49,16.616449999999954
pca_rf,train,13.7,12.513949999999998
pca_rf,train,17.55,17.841550000000037
pca_rf,train,17.04,16.269149999999982
pca_rf,train,11.65,8.60765000000002
pca_rf,train,16.66,15.393799999999985
pca_rf,train,17.64,18.15389999999999
pca_rf,train,0.0,3.997900000000001
pca_rf,train,8.09,8.332799999999985
pca_rf,train,8.76,9.513949999999994
pca_rf,train,0.0,0.0225
pca_rf,train,3.19,3.0597500000000046
pca_rf,train,5.32,5.37690000000001
pca_rf,train,3.82,4.273300000000011
pca_rf,train,0.0,0.0225
pca_rf,train,2.84,2.591949999999993
pca_rf,train,4.53,4.768099999999988
pca_rf,train,4.63,4.1913
pca_rf,train,0.0,0.0225
pca_rf,train,1.78,2.1742499999999945
pca_rf,train,3.67,3.7229999999999968
pca_rf,train,3.2,3.9630500000000057
pca_rf,train,2.66,2.8806000000000034
pca_rf,train,4.8,5.205449999999989
pca_rf,train,4.21,4.496000000000007
pca_rf,train,0.0,0.16689999999999997
pca_rf,train,0.0,0.0
pca_rf,train,0.0,0.044800000000000006
pca_rf,train,0.0,0.0
pca_rf,train,5.04,5.138049999999994
pca_rf,train,4.33,4.996000000000013
pca_rf,train,7.24,6.391300000000006
pca_rf,train,3.81,4.500749999999986
pca_rf,train,8.44,9.069700000000026
pca_rf,train,6.76,7.776449999999998
pca_rf,train,4.5,4.873499999999998
pca_rf,train,2.31,2.5363500000000005
pca_rf,train,6.07,5.51055000000001
pca_rf,train,4.81,4.657949999999982
pca_rf,train,4.11,3.7456500000000057
pca_rf,train,4.4,4.023349999999988
pca_rf,train,3.55,3.8111499999999925
pca_rf,train,3.36,3.314500000000008
pca_rf,train,3.05,2.698000000000005
pca_rf,train,1.56,2.446049999999999
pca_rf,train,10.08,8.986149999999984
pca_rf,train,9.24,9.239650000000006
pca_rf,train,8.06,8.05314999999998
pca_rf,train,4.73,4.97330000000001
pca_rf,train,0.0,0.030750000000000006
pca_rf,train,0.0,0.9402000000000007
pca_rf,train,0.0,0.3503
pca_rf,train,0.0,0.0
pca_rf,train,0.0,0.0
pca_rf,train,0.0,0.0
pca_rf,train,0.0,0.11380000000000001
pca_rf,train,0.0,0.0
pca_rf,train,6.97,6.104900000000008
pca_rf,train,4.15,5.906549999999998
pca_rf,train,5.78,5.68599999999999
pca_rf,train,3.46,3.7288500000000027
pca_rf,train,10.07,9.306899999999986
pca_rf,train,9.97,9.159950000000011
pca_rf,train,7.41,7.799900000000007
pca_rf,train,5.12,5.0461000000000045
pca_rf,train,0.0,0.044000000000000004
pca_rf,train,0.0,1.4006000000000005
pca_rf,train,0.0,0.239
pca_rf,train,0.0,0.0
pca_rf,train,0.0,0.1837
pca_rf,train,0.0,0.0351
pca_rf,train,0.0,0.0029
pca_rf,train,0.0,0.0
pca_rf,train,4.61,5.331850000000004
pca_rf,train,5.78,4.993699999999987
pca_rf,train,5.1,5.162400000000009
pca_rf,train,2.84,3.3531999999999957
pca_rf,train,0.0,0.38530000000000003
pca_rf,train,0.0,0.0
pca_rf,train,0.0,0.0
pca_rf,train,0.0,0.0
pca_rf,train,0.0,1.6101500000000004
pca_rf,train,0.0,0.05955
pca_rf,train,0.0,0.16044999999999998
pca_rf,train,0.0,0.0496
pca_rf,train,8.76,8.47934999999999
pca_rf,train,6.33,6.80025
pca_rf,train,6.39,6.061200000000001
pca_rf,train,5.41,5.489549999999998
pca_rf,train,0.0,0.26844999999999997
pca_rf,train,0.0,0.42685
pca_rf,train,0.0,0.13449999999999998
pca_rf,train,0.0,0.0
pca_rf,train,0.0,1.04845
pca_rf,train,0.0,0.26925
pca_rf,train,0.0,0.26904999999999996
pca_rf,train,0.0,0.11449999999999999
pca_rf,train,3.09,4.180250000000006
pca_rf,train,3.17,4.116649999999993
pca_rf,train,2.43,3.396999999999994
pca_rf,train,1.89,2.528449999999995
pca_rf,train,4.62,4.825300000000005
pca_rf,train,4.44,4.99600000000002
pca_rf,train,3.48,4.438600000000009
pca_rf,train,2.5,2.9005
pca_rf,train,10.08,8.825449999999988
pca_rf,train,10.06,9.554649999999974
pca_rf,train,6.69,7.913100000000014
pca_rf,train,5.94,6.245150000000016
pca_rf,train,0.0,0.4014
pca_rf,train,0.0,0.42705
pca_rf,train,0.0,0.19369999999999998
pca_rf,train,0.0,0.11414999999999999
pca_rf,train,0.0,0.2841
pca_rf,train,0.0,0.11414999999999999
pca_rf,train,0.0,0.19010000000000002
pca_rf,train,0.0,0.15259999999999999
pca_rf,train,0.0,0.0039000000000000003
pca_rf,train,0.0,0.0
pca_rf,train,0.0,0.0
pca_rf,train,0.0,0.0716
pca_rf,train,0.0,0.0325
pca_rf,train,0.0,0.0
pca_rf,train,0.0,0.08245000000000001
pca_rf,train,0.0,0.0
pca_rf,train,0.0,0.0
pca_rf,train,0.0,0.0
pca_rf,train,0.0,0.0
pca_rf,train,0.0,0.0
pca_rf,train,0.0,0.0
pca_rf,train,0.0,0.0
pca_rf,train,0.0,0.0
pca_rf,train,0.0,0.0
pca_rf,train,0.0,0.0
pca_rf,train,13.68,11.725549999999998
pca_rf,train,21.86,20.38630000000002
pca_rf,train,23.78,21.96450000000003
pca_rf,train,17.58,16.035999999999973
pca_rf,train,0.0,0.26159999999999994
pca_rf,train,0.0,0.1538
pca_rf,train,5.84,4.7846500000000045
pca_rf,train,10.58,9.760649999999988
pca_rf,train,12.52,12.66609999999999
pca_rf,train,10.84,11.195699999999986
pca_rf,train,15.5,14.0321
pca_rf,train,12.58,12.805349999999976
pca_rf,train,23.6,22.109599999999997
pca_rf,train,17.02,15.948099999999995
pca_rf,train,0.0,2.886649999999999
pca_rf,train,13.78,11.960700000000013
pca_rf,train,25.02,23.55415000000002
pca_rf,train,14.96,15.085200000000016
pca_rf,train,0.0,1.3225000000000002
pca_rf,train,0.0,1.0332500000000007
pca_rf,train,0.0,2.8167499999999994
pca_rf,train,12.96,11.839900000000021
pca_rf,train,19.26,19.66420000000006
pca_rf,train,12.52,12.194649999999989
pca_rf,train,29.72,26.670849999999984
pca_rf,train,0.0,3.5960999999999994
pca_rf,train,0.0,1.8481499999999997
pca_rf,train,8.52,6.474099999999992
pca_rf,train,14.14,12.543700000000003
pca_rf,train,10.3,8.226599999999985
pca_rf,train,12.67,11.46530000000002
pca_rf,train,0.0,0.9260999999999998
pca_rf,train,0.0,1.8594500000000003
pca_rf,train,10.32,8.195149999999991
pca_rf,train,14.28,13.551200000000017
pca_rf,train,14.94,13.210300000000023
pca_rf,train,16.6,14.97679999999996
pca_rf,train,0.0,1.3853000000000002
pca_rf,train,0.0,3.4669500000000006
pca_rf,train,4.86,4.7014000000000085
pca_rf,train,7.02,7.2250999999999905
pca_rf,train,5.92,7.453300000000004
pca_rf,train,6.15,5.18934999999999
pca_rf,train,0.0,1.3049000000000002
pca_rf,train,0.0,1.2471499999999998
pca_rf,train,16.18,14.898099999999983
pca_rf,train,19.7,20.052599999999963
pca_rf,train,22.58,19.457849999999965
pca_rf,train,0.0,2.8965499999999995
pca_rf,train,13.44,12.741750000000025
pca_rf,train,16.5,16.214299999999998
pca_rf,train,13.12,13.496249999999959
pca_rf,train,0.0,0.8033499999999998
pca_rf,train,5.14,5.0236499999999955
pca_rf,train,7.62,8.295049999999971
pca_rf,train,0.0,3.2361
pca_rf,train,0.0,6.445999999999998
pca_rf,train,5.63,6.8645000000000165
pca_rf,train,9.03,8.045099999999982
pca_rf,train,4.09,7.1504499999999895
pca_rf,train,2.63,4.244649999999996
pca_rf,train,0.0,0.0
pca_rf,train,0.0,0.0
pca_rf,train,0.0,0.0
pca_rf,train,0.0,0.0
pca_rf,train,0.0,0.7334499999999999
pca_rf,train,0.0,0.022099999999999998
pca_rf,train,0.0,0.0
pca_rf,train,0.0,0.0
pca_rf,train,7.37,8.569249999999974
pca_rf,train,8.18,7.7715499999999995
pca_rf,train,6.03,7.987949999999985
pca_rf,train,4.8,4.7361999999999895
pca_rf,train,3.31,4.675649999999985
pca_rf,train,5.05,5.829899999999985
pca_rf,train,3.02,4.406349999999989
pca_rf,train,1.98,2.7414000000000045
pca_rf,train,5.11,6.750999999999985
pca_rf,train,5.37,6.121499999999989
pca_rf,train,2.43,3.2393999999999954
pca_rf,train,3.26,3.5433499999999953
pca_rf,train,5.67,6.973900000000001
pca_rf,train,6.08,5.825850000000005
pca_rf,train,4.92,6.296600000000003
pca_rf,train,3.1,3.8404000000000087
pca_rf,train,5.76,7.3892
pca_rf,train,7.61,6.399649999999992
pca_rf,train,6.1,5.7412500000000035
pca_rf,train,3.54,3.811849999999994
pca_rf,train,5.92,7.133350000000006
pca_rf,train,5.83,5.954950000000004
pca_rf,train,5.24,5.740800000000004
pca_rf,train,4.1,4.232050000000009
pca_rf,train,2.91,5.087899999999992
pca_rf,train,4.88,3.553649999999997
pca_rf,train,3.32,3.3780500000000018
pca_rf,train,2.72,3.092450000000011
pca_rf,train,8.74,10.523149999999998
pca_rf,train,7.6,7.921999999999982
pca_rf,train,6.84,7.984699999999982
pca_rf,train,5.2,5.617950000000015
pca_rf,train,15.1,14.29644999999997
pca_rf,train,19.39,16.44619999999999
pca_rf,train,14.64,14.24865
pca_rf,train,13.2,12.482999999999999
pca_rf,train,12.96,12.665200000000004
pca_rf,train,12.06,11.283049999999973
pca_rf,train,6.7,9.447950000000018
pca_rf,train,7.5,8.03575
pca_rf,train,5.19,5.004450000000021
pca_rf,train,4.04,3.4017500000000007
pca_rf,train,4.09,5.440700000000005
pca_rf,train,3.07,3.3517500000000036
pca_rf,train,3.33,4.0641000000000105
pca_rf,train,2.86,2.7369000000000083
pca_rf,train,3.17,3.9056999999999924
pca_rf,train,2.88,3.176549999999997
pca_rf,train,13.11,11.412549999999984
pca_rf,train,15.48,13.386250000000004
pca_rf,train,9.37,10.306849999999965
pca_rf,train,6.37,7.239299999999983
pca_rf,train,0.0,0.3987
pca_rf,train,0.0,0.0
pca_rf,train,0.0,0.0
pca_rf,train,0.0,0.0
pca_rf,train,0.0,0.4706
pca_rf,train,0.0,0.0
pca_rf,train,0.0,0.0
pca_rf,train,0.0,0.0
pca_rf,train,14.44,13.38575000000003
pca_rf,train,13.84,12.582999999999991
pca_rf,train,10.65,11.775700000000024
pca_rf,train,8.41,8.824600000000025
pca_rf,train,8.09,7.178199999999992
pca_rf,train,15.56,12.10564999999997
pca_rf,train,17.34,15.294000000000022
pca_rf,train,12.9,12.516750000000025
pca_rf,train,0.0,0.013300000000000001
pca_rf,train,0.0,0.3528
pca_rf,train,0.0,0.0273
pca_rf,train,13.15,12.64110000000004
pca_rf,train,9.72,9.716900000000017
pca_rf,train,13.28,12.873800000000006
pca_rf,train,9.6,7.974649999999984
pca_rf,train,12.87,12.345049999999963
pca_rf,train,10.12,11.87599999999996
pca_rf,train,13.28,12.52485000000001
pca_rf,train,7.88,7.993750000000025
pca_rf,train,17.39,16.02099999999999
pca_rf,train,16.9,16.18595000000004
pca_rf,train,18.8,19.183450000000047
pca_rf,train,14.26,14.46205000000004
pca_rf,train,13.98,15.602650000000008
pca_rf,train,9.97,9.259300000000017
pca_rf,train,13.12,13.180799999999968
pca_rf,train,13.24,12.097699999999984
pca_rf,train,14.18,14.140199999999979
pca_rf,train,9.24,10.568499999999998
pca_rf,train,15.82,14.318750000000017
pca_rf,train,13.78,13.708500000000026
pca_rf,train,11.17,11.759000000000013
pca_rf,train,8.66,9.147550000000027
pca_rf,train,15.28,14.00550000000002
pca_rf,train,9.14,10.531600000000031
pca_rf,train,18.92,18.497750000000035
pca_rf,train,15.82,16.92400000000004
pca_rf,train,22.14,21.12244999999998
pca_rf,train,17.96,17.27800000000003
pca_rf,train,24.16,22.91574999999996
pca_rf,train,17.3,18.090150000000044
pca_rf,train,18.12,18.95309999999996
pca_rf,train,14.76,14.606600000000045
pca_rf,train,19.85,20.34194999999997
pca_rf,train,23.28,21.90710000000005
pca_rf,train,33.14,30.230700000000027
pca_rf,train,23.6,24.058450000000004
pca_rf,train,15.23,15.45880000000001
pca_rf,train,15.46,15.069700000000022
pca_rf,train,23.96,23.593400000000024
pca_rf,train,18.16,18.365299999999973
pca_rf,train,11.19,11.289850000000028
pca_rf,train,7.91,8.290450000000016
pca_rf,train,11.3,11.582199999999991
pca_rf,train,5.62,6.165999999999989
pca_rf,train,7.44,7.454200000000019
pca_rf,train,4.74,4.523200000000006
pca_rf,train,7.92,7.456550000000011
pca_rf,train,4.5,4.926049999999998
pca_rf,train,7.93,8.658600000000014
pca_rf,train,4.91,5.331649999999994
pca_rf,train,7.6,8.158899999999987
pca_rf,train,5.78,5.377499999999987
pca_rf,train,6.36,6.688499999999996
pca_rf,train,4.67,4.5214999999999925
pca_rf,train,6.96,6.488650000000008
pca_rf,train,4.46,4.402950000000002
pca_rf,train,5.49,5.986800000000004
pca_rf,train,3.49,3.633200000000004
pca_rf,train,5.84,5.5706
pca_rf,train,4.42,4.4178499999999925
pca_rf,train,8.24,8.574400000000002
pca_rf,train,8.1,7.782599999999986
pca_rf,train,10.16,10.396150000000016
pca_rf,train,8.96,7.973100000000013
pca_rf,train,22.14,21.76635
pca_rf,train,22.22,21.788599999999963
pca_rf,train,25.24,24.94729999999993
pca_rf,train,19.2,19.723599999999962
pca_rf,train,21.38,20.171200000000052
pca_rf,train,16.15,17.247350000000047
pca_rf,train,18.74,17.652849999999948
pca_rf,train,13.92,14.509750000000027
pca_rf,train,19.74,19.373399999999936
pca_rf,train,13.75,14.514850000000006
pca_rf,train,18.58,17.047049999999974
pca_rf,train,12.32,13.62670000000002
pca_rf,train,11.56,11.470649999999972
pca_rf,train,10.97,10.982500000000002
pca_rf,train,12.74,12.717749999999974
pca_rf,train,9.08,8.65094999999999
pca_rf,train,11.24,10.723499999999994
pca_rf,train,7.99,8.224400000000008
pca_rf,train,10.6,10.315049999999976
pca_rf,train,7.4,7.165300000000009
pca_rf,train,25.32,23.437700000000028
pca_rf,train,17.65,19.358700000000052
pca_rf,train,24.3,21.80700000000005
pca_rf,train,16.52,17.88645
pca_rf,train,26.11,27.815599999999996
pca_rf,train,24.62,26.715399999999953
pca_rf,train,21.88,23.974600000000052
pca_rf,train,20.76,20.912900000000096
pca_rf,train,24.13,25.04875000000006
pca_rf,train,17.32,16.999950000000027
pca_rf,train,22.84,22.977750000000057
pca_rf,train,21.36,21.625100000000025
pca_rf,train,14.8,14.26610000000002
pca_rf,train,13.27,13.574649999999993
pca_rf,train,9.66,11.358950000000018
pca_rf,train,8.64,8.500800000000021
pca_rf,train,11.91,12.603699999999998
pca_rf,train,13.67,14.741500000000032
pca_rf,train,9.42,10.941750000000022
pca_rf,train,8.22,8.416350000000016
pca_rf,train,10.67,12.92820000000002
pca_rf,train,13.57,12.604000000000012
pca_rf,train,12.76,14.87395000000005
pca_rf,train,13.0,12.893999999999995
pca_rf,train,12.54,11.40034999999998
pca_rf,train,11.29,9.952799999999987
pca_rf,train,11.12,10.959049999999964
pca_rf,train,6.82,7.440749999999997
pca_rf,train,21.15,17.90080000000004
pca_rf,train,20.75,21.30010000000001
pca_rf,train,17.76,18.434500000000043
pca_rf,train,12.26,12.798450000000026
pca_rf,train,0.0,0.20375000000000004
pca_rf,train,0.0,0.0
pca_rf,train,0.0,0.22465
pca_rf,train,0.0,0.0
pca_rf,train,0.0,0.2814
pca_rf,train,0.0,0.0
pca_rf,train,0.0,0.0
pca_rf,train,0.0,0.0
pca_rf,train,0.0,0.0
pca_rf,train,0.0,0.06219999999999999
pca_rf,train,2.99,2.2705000000000037
pca_rf,train,3.1,2.876000000000007
pca_rf,train,0.0,0.1591
pca_rf,train,0.0,0.0398
pca_rf,train,0.0,0.0398
pca_rf,train,0.0,0.0
pca_rf,train,0.0,0.06219999999999999
pca_rf,train,2.06,2.0014500000000024
pca_rf,train,3.06,2.9150499999999995
pca_rf,train,0.0,0.0
pca_rf,train,0.0,0.008100000000000001
pca_rf,train,4.5,3.8512999999999993
pca_rf,train,2.66,2.540450000000009
pca_rf,train,0.0,0.07045000000000001
pca_rf,train,0.0,0.09245
pca_rf,train,0.0,0.0725
pca_rf,train,0.0,0.0
pca_rf,train,0.0,0.6700999999999999
pca_rf,train,0.0,1.2978
pca_rf,train,0.0,0.0725
pca_rf,train,0.0,0.0
pca_rf,train,15.86,14.517349999999995
pca_rf,train,0.0,0.7255999999999999
pca_rf,train,0.0,0.08929999999999999
pca_rf,train,0.0,0.0
pca_rf,train,29.54,26.27654999999996
pca_rf,train,0.0,3.525300000000001
pca_rf,train,28.24,30.437899999999917
pca_rf,train,19.91,18.106599999999972
pca_rf,train,26.42,25.155450000000034
pca_rf,train,0.0,4.6713
pca_rf,train,48.79,43.67470000000001
pca_rf,train,36.09,33.81625000000005
pca_rf,train,46.42,43.53140000000005
pca_rf,train,35.76,34.486750000000086
pca_rf,train,30.28,27.991100000000007
pca_rf,train,17.9,18.704000000000036
pca_rf,train,28.26,28.345600000000083
pca_rf,train,20.64,20.291099999999982
pca_rf,train,9.91,12.03545000000001
pca_rf,train,17.52,14.764349999999984
pca_rf,train,26.7,21.16464999999994
pca_rf,train,19.3,19.000700000000037
pca_rf,train,27.77,25.68915000000003
pca_rf,train,20.86,22.155549999999998
pca_rf,train,33.54,31.385249999999974
pca_rf,train,26.8,25.59645000000005
pca_rf,train,20.09,21.868150000000036
pca_rf,train,15.91,15.312699999999982
pca_rf,train,21.68,22.610649999999982
pca_rf,train,17.64,17.17319999999998
pca_rf,train,19.2,16.571349999999978
pca_rf,train,17.18,16.95269999999998
pca_rf,train,26.08,26.21849999999998
pca_rf,train,20.88,20.53065000000005
pca_rf,train,21.34,20.627800000000043
pca_rf,train,18.66,17.914349999999967
pca_rf,train,27.76,26.724450000000083
pca_rf,train,21.74,21.429299999999934
pca_rf,train,29.89,29.216050000000045
pca_rf,train,24.21,27.111350000000026
pca_rf,train,30.36,27.856999999999967
pca_rf,train,30.5,29.43635
pca_rf,train,30.98,29.058799999999927
pca_rf,train,23.18,26.469949999999997
pca_rf,train,0.0,7.338549999999999
pca_rf,train,27.22,19.697099999999946
pca_rf,train,15.64,11.115350000000019
pca_rf,train,12.6,8.653699999999985
pca_rf,train,45.56,40.262450000000094
pca_rf,train,29.62,35.30249999999995
pca_rf,train,41.1,37.504000000000076
pca_rf,train,27.4,30.363449999999965
pca_rf,train,25.33,26.565249999999963
pca_rf,train,23.46,24.219550000000023
pca_rf,train,28.0,26.86925
pca_rf,train,22.1,24.04605
pca_rf,train,38.67,32.323200000000035
pca_rf,train,28.04,31.661099999999998
pca_rf,train,32.06,32.7686500000001
pca_rf,train,27.52,26.178300000000046
pca_rf,train,23.98,21.0826
pca_rf,train,15.95,21.085799999999963
pca_rf,train,20.0,18.10305
pca_rf,train,17.04,17.297449999999976
pca_rf,train,29.4,27.718099999999968
pca_rf,train,37.64,35.6894500000001
pca_rf,train,32.94,31.15214999999994
pca_rf,train,15.19,14.00870000000004
pca_rf,train,0.0,0.8163999999999999
pca_rf,train,27.31,24.688300000000027
pca_rf,train,0.0,3.675500000000001
pca_rf,train,23.66,19.68424999999996
pca_rf,train,27.21,22.01490000000001
pca_rf,train,33.12,31.257749999999945
pca_rf,train,28.3,28.002000000000056
pca_rf,train,43.91,35.66744999999996
pca_rf,train,48.01,45.468400000000116
pca_rf,train,59.9,52.487449999999946
pca_rf,train,23.94,20.079700000000017
pca_rf,train,18.54,17.50199999999998
pca_rf,train,15.7,15.372499999999969
pca_rf,train,19.21,18.445650000000015
pca_rf,train,21.88,23.16855000000006
pca_rf,train,18.28,18.249900000000046
pca_rf,train,0.0,0.0
pca_rf,train,23.46,18.929150000000014
pca_rf,train,20.86,20.411750000000023
pca_rf,train,20.58,21.33559999999998
pca_rf,train,0.0,0.0516
pca_rf,train,6.14,5.379649999999995
pca_rf,train,7.8,6.877949999999985
pca_rf,train,6.42,8.366050000000014
pca_rf,train,0.0,0.3895
pca_rf,train,0.0,0.0
pca_rf,train,38.06,26.534300000000034
pca_rf,train,0.0,0.0516
pca_rf,train,0.0,0.0
pca_rf,train,0.0,0.0
pca_rf,train,0.0,0.09269999999999999
pca_rf,train,0.0,0.21240000000000003
pca_rf,train,0.0,0.0
pca_rf,train,0.0,0.04699999999999999
pca_rf,train,9.12,6.796749999999985
pca_rf,train,0.0,0.0
pca_rf,train,0.0,0.04699999999999999
pca_rf,train,8.3,7.06254999999998
pca_rf,train,0.0,0.9128499999999999
pca_rf,train,0.0,0.11059999999999999
pca_rf,train,0.0,0.11059999999999999
pca_rf,train,4.66,4.795549999999996
pca_rf,train,0.0,1.6361999999999992
pca_rf,train,3.12,3.5626000000000038
pca_rf,train,4.2,3.5649000000000046
pca_rf,train,0.0,0.50265
pca_rf,train,3.8,4.770199999999987
pca_rf,train,9.6,9.682199999999984
pca_rf,train,12.86,13.106999999999992
pca_rf,train,8.8,9.234599999999979
pca_rf,train,0.0,0.4018
pca_rf,train,0.0,0.05595
pca_rf,train,0.78,0.8902000000000005
pca_rf,train,0.0,1.6370500000000001
pca_rf,train,1.16,1.999850000000003
pca_rf,train,0.0,0.0
pca_rf,train,0.0,0.1696
pca_rf,train,0.0,0.0541
pca_rf,train,0.0,0.0677
pca_rf,train,0.0,0.09350000000000001
pca_rf,train,0.0,0.0
pca_rf,train,0.0,0.0
pca_rf,train,15.02,13.015349999999982
pca_rf,train,0.0,4.472199999999999
pca_rf,train,22.74,20.071549999999924
pca_rf,train,0.0,4.760549999999999
pca_rf,train,9.44,9.022450000000028
pca_rf,train,5.64,8.090600000000018
pca_rf,train,13.36,13.321599999999998
pca_rf,train,6.56,7.3198999999999765
pca_rf,train,15.3,13.081100000000008
pca_rf,train,9.82,10.878499999999988
pca_rf,train,14.84,14.506300000000012
pca_rf,train,10.76,10.094799999999987
pca_rf,train,11.42,12.098800000000015
pca_rf,train,11.93,10.090050000000014
pca_rf,train,13.44,12.28240000000003
pca_rf,train,0.0,0.5201500000000001
pca_rf,train,22.04,21.38755
pca_rf,train,13.65,15.005550000000039
pca_rf,train,15.62,15.444349999999963
pca_rf,train,6.76,8.493699999999995
pca_rf,train,19.03,19.899100000000065
pca_rf,train,13.48,13.886350000000009
pca_rf,train,16.9,17.86865000000005
pca_rf,train,8.42,9.940200000000022
pca_rf,train,26.67,26.34175000000003
pca_rf,train,20.04,20.846799999999988
pca_rf,train,20.46,22.64100000000003
pca_rf,train,11.38,12.737100000000044
pca_rf,train,16.14,16.27504999999998
pca_rf,train,11.66,12.197550000000005
pca_rf,train,14.04,14.083349999999982
pca_rf,train,0.0,1.0724499999999997
pca_rf,train,16.39,16.05834999999999
pca_rf,train,11.46,12.033050000000019
pca_rf,train,12.44,13.071850000000023
pca_rf,train,6.24,8.27055
pca_rf,train,21.27,20.450899999999987
pca_rf,train,16.9,16.980150000000037
pca_rf,train,0.0,4.09915
pca_rf,train,16.46,16.43415000000001
pca_rf,train,13.52,13.578050000000001
pca_rf,train,0.0,2.8536999999999995
pca_rf,train,19.96,19.186450000000015
pca_rf,train,14.41,14.771900000000002
pca_rf,train,20.58,19.785899999999963
pca_rf,train,9.54,11.261549999999984
pca_rf,train,21.09,20.010350000000038
pca_rf,train,15.55,15.684550000000028
pca_rf,train,21.4,20.666300000000042
pca_rf,train,12.9,14.385550000000032
pca_rf,train,15.4,15.209200000000035
pca_rf,train,11.46,10.661200000000017
pca_rf,train,15.4,11.809750000000031
pca_rf,train,11.92,11.227750000000015
pca_rf,train,8.87,9.73099999999997
pca_rf,train,0.0,0.46915
pca_rf,train,18.52,18.042949999999994
pca_rf,train,15.16,15.435799999999986
pca_rf,train,19.04,19.308799999999984
pca_rf,train,12.28,13.170350000000031
pca_rf,train,25.2,22.026299999999956
pca_rf,train,14.49,15.91844999999995
pca_rf,train,18.92,18.902000000000015
pca_rf,train,0.0,3.4825499999999976
pca_rf,train,4.84,4.6527000000000065
pca_rf,train,9.7,7.509550000000014
pca_rf,train,10.57,8.937749999999989
pca_rf,train,6.91,7.05530000000001
pca_rf,train,11.58,10.51174999999998
pca_rf,train,8.68,8.985150000000008
pca_rf,train,28.07,23.679150000000007
pca_rf,train,26.38,23.637850000000054
pca_rf,train,29.74,25.81429999999991
pca_rf,train,23.12,23.56599999999993
pca_rf,train,10.36,9.955599999999972
pca_rf,train,11.96,10.444700000000022
pca_rf,train,13.12,11.77689999999996
pca_rf,train,10.04,9.938599999999983
pca_rf,train,13.6,12.061749999999975
pca_rf,train,10.95,10.57975000000002
pca_rf,train,16.66,14.081349999999988
pca_rf,train,11.18,11.309799999999994
pca_rf,train,20.17,20.130900000000043
pca_rf,train,18.65,20.759650000000043
pca_rf,train,18.48,20.392250000000022
pca_rf,train,17.12,16.246099999999966
pca_rf,train,7.28,6.889799999999991
pca_rf,train,4.42,4.733699999999988
pca_rf,train,6.74,6.543400000000009
pca_rf,train,3.64,3.8599999999999954
pca_rf,train,4.4,4.007449999999991
pca_rf,train,6.1,6.4968999999999975
pca_rf,train,5.44,5.795400000000022
pca_rf,train,3.38,3.5800000000000005
pca_rf,train,5.38,5.055599999999997
pca_rf,train,6.4,7.004200000000012
pca_rf,train,9.16,9.016000000000021
pca_rf,train,3.84,4.162400000000004
pca_rf,train,9.72,6.533700000000014
pca_rf,train,12.38,11.965000000000039
pca_rf,train,13.5,13.655600000000002
pca_rf,train,7.98,8.297700000000006
pca_rf,train,0.0,0.0
pca_rf,train,0.0,0.0
pca_rf,train,0.0,0.0
pca_rf,train,0.0,0.0
pca_rf,train,0.0,0.0
pca_rf,train,0.0,0.0
pca_rf,train,0.0,0.0
pca_rf,train,0.0,0.0
pca_rf,train,5.88,5.550800000000004
pca_rf,train,6.28,6.990749999999989
pca_rf,train,7.34,7.494899999999996
pca_rf,train,4.46,4.426500000000008
pca_rf,train,9.42,8.199400000000015
pca_rf,train,10.1,12.209099999999967
pca_rf,train,10.44,11.49720000000002
pca_rf,train,4.26,4.406699999999995
pca_rf,train,5.46,5.32695000000001
pca_rf,train,7.82,7.387499999999999
pca_rf,train,6.44,7.144700000000025
pca_rf,train,4.52,4.456549999999994
pca_rf,train,6.98,6.435950000000009
pca_rf,train,7.48,6.800350000000008
pca_rf,train,5.52,6.437499999999995
pca_rf,train,3.46,3.8015000000000043
pca_rf,train,0.0,0.8543000000000001
pca_rf,train,0.0,0.0
pca_rf,train,0.0,0.0
pca_rf,train,2.4,1.835899999999997
pca_rf,train,2.14,2.023849999999994
pca_rf,train,4.8,4.956399999999984
pca_rf,train,3.48,3.627250000000006
pca_rf,train,11.8,10.22439999999998
pca_rf,train,9.08,10.270999999999983
pca_rf,train,11.74,12.324599999999986
pca_rf,train,9.02,8.304299999999987
pca_rf,train,23.76,22.02425000000007
pca_rf,train,38.11,34.78424999999992
pca_rf,train,26.28,29.394899999999996
pca_rf,train,0.0,4.2799499999999995
pca_rf,train,0.0,0.0
pca_rf,train,0.0,0.0
pca_rf,train,18.44,17.742050000000035
pca_rf,train,23.91,24.972499999999968
pca_rf,train,22.96,23.888050000000018
pca_rf,train,0.0,3.1699500000000005
pca_rf,train,0.0,0.0
pca_rf,train,0.0,0.0
pca_rf,train,10.7,10.41445000000002
pca_rf,train,11.77,12.754299999999999
pca_rf,train,11.52,11.75419999999999
pca_rf,train,0.0,1.1501499999999996
pca_rf,train,0.0,0.0
pca_rf,train,0.0,0.0
pca_rf,train,20.8,19.81085000000004
pca_rf,train,27.91,26.90584999999995
pca_rf,train,31.73,31.399799999999903
pca_rf,train,17.88,18.559950000000054
pca_rf,train,7.75,8.107700000000003
pca_rf,train,15.27,13.616699999999987
pca_rf,train,12.24,12.238149999999976
pca_rf,train,8.38,8.178000000000022
pca_rf,train,9.17,9.725100000000012
pca_rf,train,10.76,9.699199999999994
pca_rf,train,13.5,12.353749999999996
pca_rf,train,6.34,7.568649999999992
pca_rf,train,11.31,11.584099999999971
pca_rf,train,9.9,9.933150000000019
pca_rf,train,6.46,7.949350000000013
pca_rf,train,6.78,6.633499999999983
pca_rf,train,10.02,10.480599999999992
pca_rf,train,10.6,9.616949999999976
pca_rf,train,16.24,14.947299999999952
pca_rf,train,8.66,9.174450000000018
pca_rf,train,10.98,10.52255000000001
pca_rf,train,14.67,12.974050000000025
pca_rf,train,19.68,18.349049999999956
pca_rf,train,13.14,12.747050000000009
pca_rf,train,14.02,12.324949999999996
pca_rf,train,14.13,13.950650000000046
pca_rf,train,21.18,19.821099999999955
pca_rf,train,11.28,12.217000000000011
pca_rf,train,10.47,9.97760000000001
pca_rf,train,10.56,10.743199999999977
pca_rf,train,15.9,14.815150000000026
pca_rf,train,6.96,8.773500000000015
pca_rf,train,12.09,11.423299999999992
pca_rf,train,14.43,13.112599999999981
pca_rf,train,14.7,16.493749999999956
pca_rf,train,9.1,9.138999999999987
pca_rf,train,0.0,7.048799999999999
pca_rf,train,3.12,2.0922000000000023
pca_rf,train,2.93,3.0271499999999985
pca_rf,train,0.0,0.01595
pca_rf,train,0.0,0.0033
pca_rf,train,0.0,0.0363
pca_rf,train,0.0,0.18580000000000002
pca_rf,train,0.0,0.0033
pca_rf,train,0.0,0.17490000000000003
pca_rf,train,0.0,0.01595
pca_rf,train,0.0,0.0033
pca_rf,train,0.0,0.0363
pca_rf,train,0.0,0.0868
pca_rf,train,0.0,0.0
pca_rf,train,0.0,0.06765
pca_rf,train,1.22,1.350500000000001
pca_rf,train,0.0,0.033350000000000005
pca_rf,train,0.0,0.0
pca_rf,train,0.0,0.04454999999999999
pca_rf,train,0.99,1.3364000000000025
pca_rf,train,0.58,0.9548500000000021
pca_rf,train,0.0,0.0
pca_rf,train,0.0,0.0325
pca_rf,train,0.0,0.0325
pca_rf,train,0.0,0.09905
pca_rf,train,0.0,0.0256
pca_rf,train,0.0,0.13475
pca_rf,train,0.0,0.03845
pca_rf,train,0.0,0.0381
pca_rf,train,0.0,0.01595
pca_rf,train,0.0,0.007150000000000001
pca_rf,train,0.66,0.49844999999999845
pca_rf,train,0.0,0.054799999999999995
pca_rf,train,0.0,0.0063
pca_rf,train,0.0,0.007150000000000001
pca_rf,train,0.77,0.49739999999999945
pca_rf,train,0.0,0.092
pca_rf,train,0.0,0.022000000000000002
pca_rf,train,0.0,0.0
pca_rf,train,0.0,1.2852000000000003
pca_rf,train,0.33,0.8828000000000011
pca_rf,train,0.0,0.022000000000000002
pca_rf,train,0.0,0.0
pca_rf,train,0.0,1.34305
pca_rf,train,0.38,0.9835999999999981
pca_rf,train,0.0,0.0067
pca_rf,train,0.0,0.0509
pca_rf,train,0.0,0.045599999999999995
pca_rf,train,0.36,0.4706999999999997
pca_rf,train,0.0,0.0082
pca_rf,train,0.0,0.0063
pca_rf,train,0.0,0.0
pca_rf,train,2.97,3.04780000000001
pca_rf,train,0.0,0.027600000000000003
pca_rf,train,0.0,0.0066
pca_rf,train,0.0,0.007150000000000001
pca_rf,train,0.58,1.115250000000004
pca_rf,train,0.0,0.0754
pca_rf,train,0.0,0.09390000000000003
pca_rf,train,0.0,0.10890000000000001
pca_rf,train,0.0,0.10084999999999995
pca_rf,train,0.0,0.2573
pca_rf,train,0.0,0.11055
pca_rf,train,0.0,0.02925000000000001
pca_rf,train,35.76,31.65270000000008
pca_rf,train,29.0,29.950550000000018
pca_rf,train,27.94,29.325849999999946
pca_rf,train,19.3,19.791250000000055
pca_rf,train,14.12,14.27934999999995
pca_rf,train,10.5,11.527200000000002
pca_rf,train,14.06,14.409549999999973
pca_rf,train,12.6,12.290199999999976
pca_rf,train,7.26,8.109549999999993
pca_rf,train,6.47,6.497550000000014
pca_rf,train,7.52,7.482449999999988
pca_rf,train,6.72,6.729900000000011
pca_rf,train,17.23,17.15905000000001
pca_rf,train,18.47,17.45719999999995
pca_rf,train,20.66,20.685449999999975
pca_rf,train,17.46,17.119800000000012
pca_rf,train,5.88,6.42175000000001
pca_rf,train,5.65,5.96105
pca_rf,train,6.8,6.875799999999985
pca_rf,train,5.34,5.71325
pca_rf,train,20.97,19.34649999999994
pca_rf,train,15.24,15.836749999999949
pca_rf,train,19.6,18.673749999999956
pca_rf,train,13.22,13.663299999999978
pca_rf,train,0.0,1.3904500000000004
pca_rf,train,0.0,0.0
pca_rf,train,0.0,0.0
pca_rf,train,0.0,0.09920000000000001
pca_rf,train,0.0,0.0341
pca_rf,train,3.12,2.905550000000004
pca_rf,train,1.28,1.8569499999999934
pca_rf,train,0.0,0.1975
pca_rf,train,0.0,0.14740000000000003
pca_rf,train,8.46,6.164750000000013
pca_rf,train,4.4,3.9018499999999925
pca_rf,train,0.0,0.0202
pca_rf,train,0.0,0.0223
pca_rf,train,0.0,0.0223
pca_rf,train,8.6,6.206949999999999
pca_rf,train,0.0,0.020099999999999996
pca_rf,train,0.0,0.0414
pca_rf,train,0.0,0.0414
pca_rf,train,2.76,2.558449999999996
pca_rf,train,0.0,0.27035000000000003
pca_rf,train,0.0,0.11725000000000002
pca_rf,train,0.0,0.11725000000000002
pca_rf,train,2.72,3.7773000000000145
pca_rf,train,0.0,0.0138
pca_rf,train,0.0,0.0361
pca_rf,train,0.0,0.0361
pca_rf,train,4.46,4.081350000000008
pca_rf,train,0.0,0.0
pca_rf,train,0.0,0.0
pca_rf,train,0.0,0.0
pca_rf,train,0.0,0.0
pca_rf,train,0.0,0.07455
pca_rf,train,0.0,0.039299999999999995
pca_rf,train,0.0,0.00915
pca_rf,train,0.0,0.0
pca_rf,train,9.46,8.85060000000001
pca_rf,train,0.0,0.039299999999999995
pca_rf,train,0.0,0.00915
pca_rf,train,0.0,0.06335
pca_rf,train,7.82,5.772050000000007
pca_rf,train,0.0,0.039299999999999995
pca_rf,train,0.0,0.00915
pca_rf,train,0.0,0.0
pca_rf,train,9.28,8.581099999999985
pca_rf,train,0.0,0.039299999999999995
pca_rf,train,0.0,0.00915
pca_rf,train,0.0,0.0
pca_rf,train,8.62,8.41154999999998
pca_rf,train,0.0,0.0
pca_rf,train,0.0,0.0
pca_rf,train,0.0,0.027300000000000005
pca_rf,train,12.68,12.62994999999999
pca_rf,train,14.67,13.725550000000025
pca_rf,train,15.54,14.418999999999983
pca_rf,train,12.72,12.647499999999996
pca_rf,train,8.97,8.256000000000014
pca_rf,train,9.64,9.324400000000027
pca_rf,train,10.54,10.386349999999979
pca_rf,train,8.66,8.978850000000026
pca_rf,train,8.75,9.074900000000003
pca_rf,train,9.03,10.16829999999998
pca_rf,train,9.78,9.827299999999983
pca_rf,train,8.92,9.197650000000023
pca_rf,train,12.72,11.96914999999999
pca_rf,train,13.91,12.386700000000003
pca_rf,train,15.78,13.842650000000006
pca_rf,train,12.66,12.502299999999998
pca_rf,train,9.54,10.20434999999999
pca_rf,train,11.13,10.066050000000034
pca_rf,train,12.72,11.993099999999991
pca_rf,train,11.22,11.428450000000007
pca_rf,train,5.39,5.5666499999999965
pca_rf,train,5.81,5.406849999999983
pca_rf,train,6.6,6.642449999999999
pca_rf,train,5.92,6.122349999999995
pca_rf,train,5.2,5.1624000000000105
pca_rf,train,4.77,5.02364999999999
pca_rf,train,4.76,5.195749999999997
pca_rf,train,5.26,5.3159999999999945
pca_rf,train,6.85,6.798199999999997
pca_rf,train,6.96,6.817350000000015
pca_rf,train,6.34,6.5312999999999946
pca_rf,train,7.04,6.7626499999999865
pca_rf,train,2.92,3.432049999999995
pca_rf,train,3.16,3.9174999999999955
pca_rf,train,2.32,3.015450000000001
pca_rf,train,2.02,3.5825499999999932
pca_rf,train,9.2,9.016100000000016
pca_rf,train,10.22,9.244200000000008
pca_rf,train,9.54,8.738249999999978
pca_rf,train,7.94,8.575400000000025
pca_rf,train,6.3,5.987999999999988
pca_rf,train,6.39,6.462400000000008
pca_rf,train,6.6,6.817249999999996
pca_rf,train,6.58,6.6224
pca_rf,train,9.18,10.144300000000008
pca_rf,train,8.62,8.553999999999975
pca_rf,train,8.7,8.345350000000014
pca_rf,train,9.96,9.45080000000002
pca_rf,train,13.36,12.027749999999994
pca_rf,train,11.39,10.799200000000019
pca_rf,train,10.1,10.099799999999973
pca_rf,train,11.5,11.168450000000002
pca_rf,train,0.0,0.4302500000000001
pca_rf,train,0.0,0.3713
pca_rf,train,23.06,22.65185000000001
pca_rf,train,25.54,22.910749999999986
pca_rf,train,26.36,23.177799999999994
pca_rf,train,20.26,19.992050000000066
pca_rf,train,10.73,10.80735000000001
pca_rf,train,9.29,9.015799999999986
pca_rf,train,8.68,10.111850000000006
pca_rf,train,7.84,7.893799999999992
pca_rf,train,5.21,5.754100000000006
pca_rf,train,4.57,4.802200000000011
pca_rf,train,4.08,5.201100000000014
pca_rf,train,4.0,4.706249999999997
pca_rf,train,21.0,22.143299999999996
pca_rf,train,22.06,19.617049999999967
pca_rf,train,19.9,19.54340000000004
pca_rf,train,18.12,17.148899999999948
pca_rf,train,10.32,11.403699999999997
pca_rf,train,9.41,9.456100000000022
pca_rf,train,9.6,10.22899999999997
pca_rf,train,6.74,7.503350000000007
pca_rf,train,9.43,10.276700000000012
pca_rf,train,8.2,7.061600000000015
pca_rf,train,9.79,10.201449999999985
pca_rf,train,3.24,4.511300000000003
pca_rf,train,8.47,7.787700000000017
pca_rf,train,7.77,6.8331499999999945
pca_rf,train,9.94,9.999650000000024
pca_rf,train,6.42,7.488600000000008
pca_rf,train,0.0,0.0782
pca_rf,train,0.0,0.07129999999999999
pca_rf,train,1.26,1.4235999999999975
pca_rf,train,3.92,3.2306499999999967
pca_rf,train,0.0,0.17799999999999996
pca_rf,train,0.0,0.0348
pca_rf,train,1.74,2.3902500000000035
pca_rf,train,4.26,4.511049999999996
pca_rf,train,0.0,0.061700000000000005
pca_rf,train,0.0,0.0
pca_rf,train,0.0,0.1404
pca_rf,train,0.0,0.015600000000000001
pca_rf,train,0.0,0.1114
pca_rf,train,1.36,1.739350000000004
pca_rf,train,4.26,3.9444499999999953
pca_rf,train,0.0,0.0
pca_rf,train,0.0,0.038849999999999996
pca_rf,train,2.28,2.539549999999993
pca_rf,train,6.5,4.8195
pca_rf,train,0.0,0.04645
pca_rf,train,0.0,0.05034999999999999
pca_rf,train,0.0,0.04645
pca_rf,train,0.0,0.05425
pca_rf,train,6.56,6.28289999999998
pca_rf,train,0.0,1.0667499999999999
pca_rf,train,0.0,0.31225
pca_rf,train,0.0,1.6532499999999992
pca_rf,train,0.0,0.2675
pca_rf,train,0.0,0.6560499999999999
pca_rf,train,0.0,2.7004999999999995
pca_rf,train,5.48,6.37535000000001
pca_rf,train,1.59,2.8048499999999943
pca_rf,train,1.82,2.0458499999999957
pca_rf,train,3.73,4.184900000000005
pca_rf,train,0.0,0.8003499999999997
pca_rf,train,1.45,2.031449999999994
pca_rf,train,1.83,1.8573499999999978
pca_rf,train,3.99,3.975100000000004
pca_rf,train,0.0,0.5075999999999999
pca_rf,train,2.5,3.96435
pca_rf,train,2.91,3.0018000000000042
pca_rf,train,6.03,6.19634999999999
pca_rf,train,0.0,0.7232499999999998
pca_rf,train,2.94,4.721250000000013
pca_rf,train,4.07,3.8077500000000106
pca_rf,train,7.47,7.629350000000009
pca_rf,train,0.0,0.7103999999999999
pca_rf,train,0.0,1.9173500000000003
pca_rf,train,5.69,5.855950000000019
pca_rf,train,5.02,8.434999999999993
pca_rf,train,0.0,2.5905000000000005
pca_rf,train,7.44,5.531900000000019
pca_rf,train,15.24,13.176799999999975
pca_rf,train,0.0,2.0713
pca_rf,train,2.17,1.491899999999998
pca_rf,train,3.93,3.9621999999999913
pca_rf,train,0.0,0.41720000000000007
pca_rf,train,2.65,2.6896499999999923
pca_rf,train,4.82,3.8122500000000117
pca_rf,train,7.3,5.728899999999987
pca_rf,train,0.0,0.7271999999999998
pca_rf,train,1.27,2.0300999999999974
pca_rf,train,3.48,2.488150000000003
pca_rf,train,4.16,3.858799999999997
pca_rf,train,0.0,0.4000000000000001
pca_rf,train,5.78,6.972399999999991
pca_rf,train,6.67,4.7365999999999895
pca_rf,train,7.84,6.326949999999993
pca_rf,train,1.67,2.789750000000002
pca_rf,train,0.0,1.26025
pca_rf,train,0.0,0.3495
pca_rf,train,30.1,20.094349999999967
pca_rf,train,0.0,5.925650000000002
pca_rf,train,0.0,0.0
pca_rf,train,0.34,1.3919999999999988
pca_rf,train,1.34,2.2856499999999955
pca_rf,train,0.0,1.1006500000000001
pca_rf,train,12.52,11.719849999999994
pca_rf,train,10.42,10.837900000000012
pca_rf,train,0.0,1.5013999999999998
pca_rf,train,0.0,0.23719999999999997
pca_rf,train,12.7,12.026199999999996
pca_rf,train,12.52,12.392899999999992
pca_rf,train,0.0,0.9835999999999998
pca_rf,train,5.68,5.000849999999985
pca_rf,train,4.74,5.414650000000006
pca_rf,train,0.0,0.58715
pca_rf,train,0.0,0.04359999999999999
pca_rf,train,8.38,8.362400000000033
pca_rf,train,4.86,4.604800000000006
pca_rf,train,11.44,11.155500000000016
pca_rf,train,2.48,2.8706000000000045
pca_rf,train,7.64,7.848250000000025
pca_rf,train,5.18,5.041499999999986
pca_rf,train,9.58,10.02839999999999
pca_rf,train,2.08,2.9417500000000016
pca_rf,train,8.7,8.314050000000027
pca_rf,train,5.9,5.584499999999995
pca_rf,train,12.6,12.379099999999976
pca_rf,train,3.66,3.7481
pca_rf,train,10.76,10.2178
pca_rf,train,6.78,5.8237999999999825
pca_rf,train,12.9,12.63240000000002
pca_rf,train,2.84,3.2917999999999985
pca_rf,train,10.74,11.355299999999993
pca_rf,train,6.22,5.965900000000009
pca_rf,train,11.72,11.514999999999986
pca_rf,train,3.06,3.884099999999989
pca_rf,train,18.78,16.111600000000035
pca_rf,train,11.02,10.059249999999986
pca_rf,train,19.06,18.252099999999974
pca_rf,train,4.8,6.682699999999982
pca_rf,train,0.0,2.8430500000000007
pca_rf,train,0.0,0.8509999999999998
pca_rf,train,5.8,3.8841999999999945
pca_rf,train,4.34,4.5064500000000045
pca_rf,train,6.34,6.307799999999998
pca_rf,train,5.12,4.837300000000003
pca_rf,train,5.88,4.412149999999998
pca_rf,train,5.86,6.897599999999984
pca_rf,train,8.09,7.4272999999999865
pca_rf,train,6.3,6.129399999999989
pca_rf,train,11.84,12.190000000000003
pca_rf,train,14.6,13.59134999999997
pca_rf,train,15.23,14.427350000000011
pca_rf,train,13.39,13.8068
pca_rf,train,0.0,0.3881499999999999
pca_rf,train,0.0,0.13874999999999998
pca_rf,train,0.0,0.43019999999999997
pca_rf,train,0.0,0.022750000000000003
pca_rf,train,0.0,0.2572
pca_rf,train,0.0,0.5283999999999999
pca_rf,train,0.0,0.20539999999999994
pca_rf,train,0.0,0.0449
pca_rf,train,6.19,8.500250000000031
pca_rf,train,8.19,7.48260000000002
pca_rf,train,0.0,3.184300000000001
pca_rf,train,7.88,6.470250000000013
pca_rf,train,0.0,0.5621499999999999
pca_rf,train,0.0,0.13874999999999998
pca_rf,train,9.04,6.303599999999986
pca_rf,train,0.0,1.2221499999999998
pca_rf,train,0.0,0.1949
pca_rf,train,0.0,0.6233999999999998
pca_rf,train,0.0,0.0608
pca_rf,train,0.0,0.030600000000000002
pca_rf,train,5.78,7.562699999999986
pca_rf,train,5.54,5.1218499999999905
pca_rf,train,8.4,9.303700000000022
pca_rf,train,6.28,5.753449999999986
pca_rf,train,3.72,4.177800000000014
pca_rf,train,2.5,2.7927000000000004
pca_rf,train,3.99,4.307300000000005
pca_rf,train,3.47,3.584650000000012
pca_rf,train,3.99,4.082550000000004
pca_rf,train,3.28,3.905449999999987
pca_rf,train,4.45,4.045400000000004
pca_rf,train,3.05,3.323599999999995
pca_rf,train,5.52,5.811349999999993
pca_rf,train,4.4,4.6553999999999895
pca_rf,train,6.97,7.348200000000013
pca_rf,train,4.79,4.8294499999999925
pca_rf,train,14.38,13.24240000000004
pca_rf,train,15.27,15.021850000000002
pca_rf,train,20.7,18.393149999999956
pca_rf,train,16.53,15.59345000000004
pca_rf,train,0.0,0.6718999999999999
pca_rf,train,0.0,0.0662
pca_rf,train,0.0,0.016
pca_rf,train,0.0,0.03245
pca_rf,train,0.0,1.0504
pca_rf,train,0.0,0.50195
pca_rf,train,0.0,0.3713
pca_rf,train,0.0,0.06509999999999999
pca_rf,train,0.0,0.0687
pca_rf,train,0.0,0.41075
pca_rf,train,0.0,0.5186999999999999
pca_rf,train,10.34,11.174699999999987
pca_rf,train,6.02,6.98839999999999
pca_rf,train,8.68,8.707850000000004
pca_rf,train,9.98,9.89540000000001
pca_rf,train,11.28,16.21225000000005
pca_rf,train,8.28,9.043549999999987
pca_rf,train,10.5,10.730299999999998
pca_rf,train,11.34,11.653699999999994
pca_rf,train,6.95,7.001550000000016
pca_rf,train,4.86,5.533150000000002
pca_rf,train,4.62,5.94005
pca_rf,train,6.06,5.9923499999999805
pca_rf,train,8.46,10.285450000000017
pca_rf,train,6.79,7.155049999999986
pca_rf,train,8.6,9.475899999999978
pca_rf,train,8.26,8.873249999999999
pca_rf,train,5.52,6.029099999999995
pca_rf,train,3.6,4.23470000000001
pca_rf,train,6.04,6.00249999999999
pca_rf,train,5.92,6.087199999999996
pca_rf,train,10.77,10.962699999999998
pca_rf,train,6.24,7.169650000000003
pca_rf,train,9.76,9.64519999999999
pca_rf,train,10.28,9.61179999999999
pca_rf,train,0.0,0.0
pca_rf,train,0.0,0.0
pca_rf,train,0.0,0.0
pca_rf,train,0.0,0.0
pca_rf,train,0.0,0.05535
pca_rf,train,0.0,0.0166
pca_rf,train,0.0,0.0
pca_rf,train,0.0,0.0
pca_rf,train,0.0,0.040999999999999995
pca_rf,train,0.0,0.03955
pca_rf,train,0.23,1.8424500000000004
pca_rf,train,4.69,4.085600000000014
pca_rf,train,0.0,0.0
pca_rf,train,0.0,0.0
pca_rf,train,0.0,0.0
pca_rf,train,0.0,0.0
pca_rf,train,0.0,0.0
pca_rf,train,0.0,0.0
pca_rf,train,0.0,0.0
pca_rf,train,0.0,0.0064
pca_rf,train,0.0,0.0391
pca_rf,train,0.0,0.0
pca_rf,train,0.0,0.0
pca_rf,train,0.0,0.0391
pca_rf,train,7.71,7.641500000000017
pca_rf,train,10.03,9.809799999999987
pca_rf,train,7.11,7.00189999999999
pca_rf,train,8.06,7.466449999999975
pca_rf,train,16.42,14.857750000000035
pca_rf,train,16.26,15.837500000000048
pca_rf,train,12.98,11.869500000000006
pca_rf,train,14.28,13.03055000000002
pca_rf,train,0.0,0.0
pca_rf,train,16.26,12.374700000000017
pca_rf,train,0.0,2.75145
pca_rf,train,0.0,0.022099999999999998
pca_rf,train,0.0,0.62785
pca_rf,train,0.0,0.0
pca_rf,train,0.0,0.087
pca_rf,train,0.0,0.0
pca_rf,train,13.39,12.83295
pca_rf,train,15.9,14.77170000000004
pca_rf,train,12.28,12.521449999999994
pca_rf,train,13.6,12.20319999999997
pca_rf,train,14.27,13.52834999999999
pca_rf,train,16.38,14.99830000000005
pca_rf,train,11.87,12.620799999999965
pca_rf,train,11.93,9.96815000000001
pca_rf,train,15.38,14.360450000000053
pca_rf,train,16.55,15.601500000000026
pca_rf,train,10.18,10.81570000000001
pca_rf,train,12.42,10.79965000000002
pca_rf,train,0.0,0.0
pca_rf,train,0.0,0.0
pca_rf,train,0.0,0.50195
pca_rf,train,0.0,0.0
pca_rf,train,0.0,0.5849499999999999
pca_rf,train,0.0,0.0
pca_rf,train,0.0,0.0
pca_rf,train,0.0,0.0
pca_rf,train,1.28,0.9468000000000006
pca_rf,train,1.94,1.6980999999999986
pca_rf,train,3.4,3.7164999999999875
pca_rf,train,3.32,3.3027500000000045
pca_rf,train,15.62,14.662849999999956
pca_rf,train,13.98,14.461200000000002
pca_rf,train,16.06,15.967099999999967
pca_rf,train,12.36,11.232399999999991
pca_rf,train,11.42,11.060500000000022
pca_rf,train,9.54,10.102999999999987
pca_rf,train,10.68,11.14750000000001
pca_rf,train,6.66,5.791299999999998
pca_rf,train,2.8,2.133600000000004
pca_rf,train,0.0,0.6959499999999998
pca_rf,train,10.16,9.004600000000021
pca_rf,train,6.96,6.571400000000011
pca_rf,train,8.76,8.487700000000002
pca_rf,train,6.82,5.988400000000004
pca_rf,train,6.4,6.716400000000002
pca_rf,train,6.64,8.127100000000013
pca_rf,train,8.06,9.353099999999971
pca_rf,train,6.46,6.425450000000011
pca_rf,train,0.0,0.18830000000000002
pca_rf,train,0.0,0.0161
pca_rf,train,4.82,5.273900000000013
pca_rf,train,3.86,5.114300000000006
pca_rf,train,6.06,6.618799999999976
pca_rf,train,3.4,3.8428499999999923
pca_rf,train,0.0,3.2028500000000015
pca_rf,train,0.0,0.23380000000000004
pca_rf,train,0.0,0.0
pca_rf,train,0.0,0.055099999999999996
pca_rf,train,0.0,0.0
pca_rf,train,0.0,0.18885000000000002
pca_rf,train,0.0,0.0
pca_rf,train,0.0,0.7382000000000001
pca_rf,train,0.0,0.0064
pca_rf,val,2.38,4.159500000000003
pca_rf,val,4.54,1.8951000000000038
pca_rf,val,4.92,7.777549999999991
pca_rf,val,4.76,6.6026499999999935
pca_rf,val,3.1,3.179149999999998
pca_rf,val,7.9,11.497050000000003
pca_rf,val,1.66,2.715700000000002
pca_rf,val,5.76,3.7215500000000024
pca_rf,val,11.02,15.823849999999991
pca_rf,val,6.54,7.984649999999995
pca_rf,val,6.54,10.618649999999992
pca_rf,val,3.6,4.6991499999999995
pca_rf,val,3.8,4.918000000000001
pca_rf,val,2.68,4.44615
pca_rf,val,4.66,5.266500000000002
pca_rf,val,4.02,4.219199999999997
pca_rf,val,2.87,3.5065499999999967
pca_rf,val,3.22,3.7036999999999916
pca_rf,val,1.78,2.6700499999999976
pca_rf,val,6.44,4.044199999999998
pca_rf,val,0.0,0.0
pca_rf,val,0.0,0.0
pca_rf,val,5.58,3.785649999999996
pca_rf,val,6.76,4.296299999999999
pca_rf,val,0.0,0.0
pca_rf,val,0.0,0.0
pca_rf,val,3.9,3.0628999999999937
pca_rf,val,0.0,0.0
pca_rf,val,0.0,0.0
pca_rf,val,5.78,4.568899999999993
pca_rf,val,0.0,0.0
pca_rf,val,0.0,0.0
pca_rf,val,2.18,3.244849999999995
pca_rf,val,2.98,3.6050999999999958
pca_rf,val,5.24,4.9091499999999995
pca_rf,val,0.0,0.11414999999999999
pca_rf,val,0.0,0.11414999999999999
pca_rf,val,0.0,0.20495000000000005
pca_rf,val,0.0,0.15135
pca_rf,val,0.0,0.13525
pca_rf,val,0.0,0.0038999999999999994
pca_rf,val,0.0,1.9632999999999998
pca_rf,val,0.0,0.69345
pca_rf,val,0.0,0.15135
pca_rf,val,0.0,1.7517499999999993
pca_rf,val,0.0,0.0
pca_rf,val,0.0,0.0
pca_rf,val,0.0,0.0
pca_rf,val,0.0,0.0
pca_rf,val,0.0,0.0
pca_rf,val,0.0,0.0
pca_rf,val,0.0,0.0
pca_rf,val,0.0,0.0
pca_rf,val,0.0,0.0
pca_rf,val,0.0,0.0
pca_rf,val,0.0,17.266999999999978
pca_rf,val,0.0,10.807949999999998
pca_rf,val,0.0,14.659699999999996
pca_rf,val,0.0,13.552399999999995
pca_rf,val,0.0,11.635649999999996
pca_rf,val,0.0,3.5608999999999975
pca_rf,val,0.0,1.0439
pca_rf,val,0.0,9.327600000000006
pca_rf,val,15.46,17.717499999999983
pca_rf,val,12.02,17.491249999999987
pca_rf,val,3.24,4.563050000000002
pca_rf,val,2.42,7.051349999999985
pca_rf,val,0.0,0.0
pca_rf,val,0.0,0.0
pca_rf,val,4.18,7.131149999999986
pca_rf,val,1.84,6.676749999999988
pca_rf,val,2.9,7.023099999999991
pca_rf,val,4.58,3.0713499999999994
pca_rf,val,5.24,3.0329999999999995
pca_rf,val,4.44,2.7073500000000017
pca_rf,val,3.06,3.209200000000001
pca_rf,val,5.58,8.391650000000004
pca_rf,val,12.6,16.49824999999998
pca_rf,val,5.82,8.067399999999994
pca_rf,val,2.94,4.434449999999998
pca_rf,val,2.18,3.8903999999999974
pca_rf,val,8.81,7.285949999999993
pca_rf,val,0.0,0.0
pca_rf,val,0.0,0.5786500000000001
pca_rf,val,0.0,0.5786500000000001
pca_rf,val,0.0,0.0
pca_rf,val,7.5,6.634299999999997
pca_rf,val,11.62,10.13359999999999
pca_rf,val,0.0,1.7084499999999994
pca_rf,val,0.0,0.8038499999999997
pca_rf,val,0.0,1.4963999999999984
pca_rf,val,7.54,3.9689499999999986
pca_rf,val,10.22,3.2337999999999982
pca_rf,val,15.38,9.942400000000006
pca_rf,val,10.56,5.625400000000002
pca_rf,val,11.02,5.41845
pca_rf,val,9.82,2.3627000000000002
pca_rf,val,15.96,11.533700000000016
pca_rf,val,15.02,7.967049999999997
pca_rf,val,25.6,18.815849999999994
pca_rf,val,18.06,14.038749999999995
pca_rf,val,7.98,2.7512999999999987
pca_rf,val,4.56,2.843799999999998
pca_rf,val,5.46,2.8952999999999998
pca_rf,val,4.44,2.073100000000002
pca_rf,val,3.84,1.8353500000000014
pca_rf,val,8.18,3.6438
pca_rf,val,19.56,15.53245000000001
pca_rf,val,15.0,7.387449999999998
pca_rf,val,11.68,5.908649999999997
pca_rf,val,10.12,3.8333499999999985
pca_rf,val,6.7,3.323000000000001
pca_rf,val,18.36,13.9672
pca_rf,val,20.04,23.91590000000002
pca_rf,val,17.56,23.652300000000004
pca_rf,val,6.96,8.154750000000003
pca_rf,val,7.7,9.855550000000008
pca_rf,val,11.82,13.29290000000001
pca_rf,val,8.3,6.784450000000004
pca_rf,val,16.6,11.452300000000001
pca_rf,val,0.0,0.0
pca_rf,val,0.0,0.0
pca_rf,val,4.88,5.255049999999999
pca_rf,val,4.94,3.635800000000001
pca_rf,val,9.2,4.561549999999998
pca_rf,val,0.0,0.5591500000000003
pca_rf,val,0.0,0.5591500000000003
pca_rf,val,29.82,31.682300000000023
pca_rf,val,15.94,16.813700000000004
pca_rf,val,18.16,16.739549999999987
pca_rf,val,23.08,20.462250000000015
pca_rf,val,13.88,15.013500000000013
pca_rf,val,15.64,18.001450000000023
pca_rf,val,16.84,17.023400000000024
pca_rf,val,31.26,29.098599999999983
pca_rf,val,35.92,27.77935
pca_rf,val,40.18,28.503550000000008
pca_rf,val,25.6,29.068299999999986
pca_rf,val,29.8,25.733300000000014
pca_rf,val,16.74,17.51540000000001
pca_rf,val,29.6,29.330949999999994
pca_rf,val,24.9,25.602150000000016
pca_rf,val,26.34,24.976
pca_rf,val,19.84,17.649050000000006
pca_rf,val,16.84,18.034950000000023
pca_rf,val,18.14,17.99065000000002
pca_rf,val,3.74,10.734300000000012
pca_rf,val,28.82,19.780900000000027
pca_rf,val,17.54,6.783900000000004
pca_rf,val,0.0,0.0966
pca_rf,val,0.0,0.21630000000000002
pca_rf,val,9.92,9.112749999999995
pca_rf,val,8.94,8.660449999999992
pca_rf,val,0.0,0.27665
pca_rf,val,0.0,0.0472
pca_rf,val,0.0,0.12945
pca_rf,val,0.0,0.0472
pca_rf,val,0.0,0.27665
pca_rf,val,3.18,10.857300000000008
pca_rf,val,0.0,9.669949999999988
pca_rf,val,2.38,0.46495000000000025
pca_rf,val,0.0,0.0
pca_rf,val,0.0,8.319800000000006
pca_rf,val,0.0,8.747300000000012
pca_rf,val,9.16,6.784150000000008
pca_rf,val,12.82,9.590749999999995
pca_rf,val,17.38,12.365149999999995
pca_rf,val,9.08,8.463050000000003
pca_rf,val,10.24,6.882650000000007
pca_rf,val,14.28,12.109149999999989
pca_rf,val,11.5,9.114550000000005
pca_rf,val,16.34,12.602399999999989
pca_rf,val,5.12,5.057849999999996
pca_rf,val,10.64,8.657699999999995
pca_rf,val,10.94,7.782849999999989
pca_rf,val,22.3,18.890849999999993
pca_rf,val,9.7,8.567799999999986
pca_rf,val,10.88,10.131499999999999
pca_rf,val,15.16,16.064600000000016
pca_rf,val,0.0,1.1651999999999985
pca_rf,val,0.0,0.9871499999999991
pca_rf,val,0.0,1.8798499999999967
pca_rf,val,0.0,5.692350000000002
pca_rf,val,0.0,3.0194999999999976
pca_rf,val,0.0,4.354949999999997
pca_rf,val,0.0,0.7196499999999999
pca_rf,val,0.0,0.9764499999999989
pca_rf,val,0.0,1.4540499999999978
pca_rf,val,0.0,8.23735
pca_rf,val,18.66,16.414049999999996
pca_rf,val,7.36,6.161549999999995
pca_rf,val,0.0,6.357249999999997
pca_rf,val,7.56,7.0650499999999985
pca_rf,val,9.26,8.1553
pca_rf,val,11.58,10.840700000000004
pca_rf,val,8.24,9.14255
pca_rf,val,7.4,7.314399999999998
pca_rf,val,9.34,8.11
pca_rf,val,0.0,14.437950000000003
pca_rf,val,1.5,2.741250000000002
pca_rf,val,2.04,2.8906500000000013
pca_rf,val,0.46,2.921750000000001
pca_rf,val,3.4,3.126900000000002
pca_rf,val,1.9,2.9266500000000018
pca_rf,val,1.72,1.981450000000001
pca_rf,val,1.04,2.8140000000000014
pca_rf,val,0.88,2.9045000000000014
pca_rf,val,0.62,2.2483500000000003
pca_rf,val,0.6,2.5171500000000004
pca_rf,val,0.48,0.8235999999999993
pca_rf,val,3.26,3.844200000000002
pca_rf,val,1.88,2.8722500000000024
pca_rf,val,0.0,0.6794000000000001
pca_rf,val,0.0,0.7888499999999997
pca_rf,val,0.0,0.6972000000000002
pca_rf,val,0.0,0.6136000000000001
pca_rf,val,0.0,0.76005
pca_rf,val,0.0,0.10464999999999999
pca_rf,val,0.0,0.07865
pca_rf,val,0.0,1.027699999999999
pca_rf,val,0.0,1.059099999999999
pca_rf,val,0.0,0.9636999999999997
pca_rf,val,0.0,1.1354499999999983
pca_rf,val,0.0,0.9973999999999986
pca_rf,val,0.0,1.0177999999999998
pca_rf,val,0.0,3.452050000000001
pca_rf,val,0.0,1.1332999999999982
pca_rf,val,0.0,1.1630999999999982
pca_rf,val,0.0,1.2371499999999995
pca_rf,val,0.0,1.072699999999999
pca_rf,val,13.36,16.758699999999997
pca_rf,val,6.84,11.06925
pca_rf,val,4.9,7.145350000000003
pca_rf,val,11.82,16.118200000000016
pca_rf,val,4.82,5.957700000000001
pca_rf,val,9.26,11.505950000000002
pca_rf,val,2.86,3.059049999999999
pca_rf,val,6.4,3.076149999999999
pca_rf,val,8.8,3.4357500000000014
pca_rf,val,3.72,3.2153000000000045
pca_rf,val,3.74,3.7537000000000065
pca_rf,val,4.1,4.060750000000008
pca_rf,val,0.0,0.3997
pca_rf,val,0.0,0.3997
pca_rf,val,0.0,0.4014
pca_rf,val,0.0,0.4014
pca_rf,val,0.0,0.10920000000000002
pca_rf,val,0.0,1.8311499999999978
pca_rf,val,0.0,1.8328499999999979
pca_rf,val,0.0,2.1032499999999983
pca_rf,val,0.0,1.9714999999999971
pca_rf,val,0.0,1.909499999999997
pca_rf,val,11.72,4.73615
pca_rf,val,7.72,4.1633999999999975
pca_rf,val,13.02,8.381400000000003
pca_rf,val,10.22,7.9275000000000055
pca_rf,val,15.74,0.0
pca_rf,val,0.0,0.6537500000000002
pca_rf,val,0.0,0.6537500000000002
pca_rf,val,9.9,10.12355
pca_rf,val,6.66,7.101049999999999
pca_rf,val,7.32,7.605299999999996
pca_rf,val,11.54,9.773600000000002
pca_rf,val,9.42,8.664699999999996
pca_rf,val,3.88,6.509149999999997
pca_rf,val,3.5,5.716099999999996
pca_rf,val,4.98,7.240299999999994
pca_rf,val,1.82,5.194249999999993
pca_rf,val,6.44,8.590500000000004
pca_rf,val,4.44,7.069649999999996
pca_rf,val,7.42,9.149200000000004
pca_rf,val,8.66,14.914500000000002
pca_rf,val,12.88,15.537500000000017
pca_rf,val,7.52,7.266299999999997
pca_rf,val,3.82,5.63695
pca_rf,val,11.56,16.057150000000014
pca_rf,val,4.42,6.188599999999996
pca_rf,val,4.02,4.839600000000001
pca_rf,val,3.84,4.830750000000002
pca_rf,val,2.04,4.191399999999999
pca_rf,val,3.08,5.275400000000002
pca_rf,val,2.66,3.5166999999999997
pca_rf,val,3.3,4.071649999999999
pca_rf,val,0.0,0.12140000000000001
pca_rf,val,0.0,0.07909999999999999
pca_rf,val,0.0,0.12140000000000001
pca_rf,val,0.0,0.08825
pca_rf,val,4.72,7.003850000000008
pca_rf,val,0.0,2.886650000000003
pca_rf,val,0.0,2.4155
pca_rf,val,0.0,3.0881500000000033
pca_rf,val,0.0,3.048200000000004
pca_rf,val,4.88,7.424749999999997
pca_rf,val,0.0,3.3344500000000052
pca_rf,val,0.0,1.8999000000000006
pca_rf,val,0.0,2.31985
pca_rf,val,0.0,1.9820999999999998
pca_rf,val,1.88,4.717999999999999
pca_rf,val,1.94,0.11435000000000001
pca_rf,val,1.14,1.8051999999999984
pca_rf,val,0.0,6.093199999999999
pca_rf,val,0.0,6.426199999999998
pca_rf,val,0.0,5.42035
pca_rf,val,0.0,5.625149999999999
pca_rf,val,0.0,6.428300000000003
pca_rf,val,0.0,6.703649999999999
pca_rf,val,0.0,5.8459999999999965
pca_rf,val,2.3,4.124600000000001
pca_rf,val,0.0,0.0
pca_rf,val,4.18,4.282450000000001
pca_rf,val,10.34,6.505849999999998
pca_rf,val,0.0,0.23305
pca_rf,val,0.0,0.23305
pca_rf,val,5.3,5.234099999999999
pca_rf,val,0.0,0.23305
pca_rf,val,0.0,0.23305
pca_rf,val,3.56,4.375250000000002
pca_rf,val,2.0,3.765450000000001
pca_rf,val,1.36,3.7525499999999994
pca_rf,val,2.24,3.8145499999999997
pca_rf,val,12.48,14.04545000000001
pca_rf,val,0.0,0.2602
pca_rf,val,0.0,0.2602
pca_rf,val,0.0,0.06974999999999999
pca_rf,val,0.0,1.2159999999999997
pca_rf,val,0.0,0.7576500000000002
pca_rf,val,0.0,3.34375
pca_rf,val,11.82,9.945450000000001
pca_rf,val,14.58,10.834450000000002
pca_rf,val,6.04,6.921699999999994
pca_rf,val,11.52,6.899050000000001
pca_rf,val,5.28,6.216799999999995
pca_rf,val,8.92,9.369049999999993
pca_rf,val,0.0,0.0
pca_rf,val,0.0,0.0
pca_rf,val,4.72,5.532549999999999
pca_rf,val,11.92,0.49760000000000004
pca_rf,val,11.62,0.49760000000000004
pca_rf,val,2.74,0.5662499999999999
pca_rf,val,4.54,0.5391999999999999
pca_rf,val,5.76,7.034099999999999
pca_rf,val,14.66,9.7765
pca_rf,val,0.0,0.0
pca_rf,val,0.0,0.0
pca_rf,val,9.64,9.989899999999999
pca_rf,val,11.46,7.9869
pca_rf,val,15.06,6.3606
pca_rf,val,0.0,0.0
pca_rf,val,0.0,0.0
pca_rf,val,0.0,0.5786500000000001
pca_rf,val,0.0,1.037049999999999
pca_rf,val,0.0,1.4909999999999999
pca_rf,val,0.0,4.6821999999999955
pca_rf,val,0.0,2.75515
pca_rf,val,0.0,8.175750000000004
pca_rf,val,0.0,7.108000000000003
pca_rf,val,0.0,5.516699999999999
pca_rf,test,1.1,1.4384500000000002
pca_rf,test,2.64,3.057200000000002
pca_rf,test,3.2,3.5225500000000007
pca_rf,test,3.08,3.6041500000000015
pca_rf,test,2.3,2.321500000000001
pca_rf,test,7.84,4.0853
pca_rf,test,1.92,2.6557500000000003
pca_rf,test,5.66,3.650700000000001
pca_rf,test,9.06,7.79895
pca_rf,test,6.06,4.401650000000003
pca_rf,test,6.8,4.428500000000005
pca_rf,test,4.2,4.329100000000002
pca_rf,test,4.12,4.390950000000001
pca_rf,test,2.86,2.521149999999999
pca_rf,test,4.78,4.412450000000003
pca_rf,test,6.52,3.098350000000001
pca_rf,test,4.04,2.74825
pca_rf,test,3.74,2.683800000000005
pca_rf,test,2.38,2.2139500000000027
pca_rf,test,8.66,4.219250000000006
pca_rf,test,0.0,0.0
pca_rf,test,0.0,0.0
pca_rf,test,5.72,4.618900000000002
pca_rf,test,8.08,4.471550000000007
pca_rf,test,0.0,0.0
pca_rf,test,0.0,0.0
pca_rf,test,4.1,3.561800000000003
pca_rf,test,0.0,0.0
pca_rf,test,0.0,0.0
pca_rf,test,4.64,5.019200000000005
pca_rf,test,0.0,0.0
pca_rf,test,0.0,0.0
pca_rf,test,1.58,2.2510500000000024
pca_rf,test,2.32,3.277150000000002
pca_rf,test,4.46,4.525
pca_rf,test,0.0,0.11414999999999999
pca_rf,test,0.0,0.11414999999999999
pca_rf,test,0.0,0.3834499999999999
pca_rf,test,0.0,0.33725
pca_rf,test,0.0,0.39704999999999996
pca_rf,test,0.0,0.33725
pca_rf,test,0.0,0.4343
pca_rf,test,0.0,0.41424999999999995
pca_rf,test,0.0,0.33335000000000004
pca_rf,test,0.0,0.4343
pca_rf,test,0.0,1.8914999999999993
pca_rf,test,0.0,1.6517499999999996
pca_rf,test,0.0,0.8587
pca_rf,test,0.0,0.8587
pca_rf,test,0.0,0.7889
pca_rf,test,0.0,0.05489999999999999
pca_rf,test,0.0,0.22565
pca_rf,test,0.0,1.18335
pca_rf,test,9.56,18.279449999999994
pca_rf,test,10.1,17.72074999999998
pca_rf,test,3.08,9.828850000000012
pca_rf,test,2.84,5.598249999999991
pca_rf,test,0.0,0.0
pca_rf,test,0.0,0.0
pca_rf,test,8.08,6.504700000000001
pca_rf,test,3.02,4.2312
pca_rf,test,5.94,3.9105000000000025
pca_rf,test,6.06,4.451750000000002
pca_rf,test,9.62,9.130699999999994
pca_rf,test,6.3,4.9792499999999995
pca_rf,test,2.5,3.6772499999999995
pca_rf,test,2.58,3.3363500000000013
pca_rf,test,9.68,9.856999999999983
pca_rf,test,0.0,0.0
pca_rf,test,0.0,0.9277499999999997
pca_rf,test,0.0,0.0
pca_rf,test,7.12,6.352350000000001
pca_rf,test,15.52,10.259699999999988
pca_rf,test,0.0,1.7084499999999994
pca_rf,test,0.0,0.8038499999999997
pca_rf,test,0.0,1.4963999999999984
pca_rf,test,7.56,2.128849999999999
pca_rf,test,9.64,4.685749999999997
pca_rf,test,10.52,8.547800000000006
pca_rf,test,9.12,3.4506999999999994
pca_rf,test,11.32,3.9258499999999983
pca_rf,test,8.5,4.223899999999998
pca_rf,test,12.84,9.10105
pca_rf,test,10.68,8.5896
pca_rf,test,21.54,19.0098
pca_rf,test,16.3,10.548600000000008
pca_rf,test,7.48,3.512299999999999
pca_rf,test,5.74,1.6761000000000001
pca_rf,test,5.8,2.0924
pca_rf,test,4.78,0.7040499999999998
pca_rf,test,2.7,0.28415
pca_rf,test,7.68,3.0670499999999983
pca_rf,test,21.5,15.290649999999996
pca_rf,test,11.98,6.958600000000005
pca_rf,test,11.94,2.074000000000001
pca_rf,test,9.98,4.1088499999999994
pca_rf,test,9.24,1.6836500000000003
pca_rf,test,19.68,14.813749999999994
pca_rf,test,16.18,21.406950000000016
pca_rf,test,16.76,20.47785000000001
pca_rf,test,7.86,2.84685
pca_rf,test,7.9,4.6840500000000045
pca_rf,test,10.84,3.9136500000000023
pca_rf,test,8.28,2.183950000000001
pca_rf,test,11.44,10.300099999999997
pca_rf,test,0.0,0.0
pca_rf,test,0.0,0.0
pca_rf,test,4.62,4.215799999999999
pca_rf,test,4.94,4.213049999999998
pca_rf,test,10.28,3.7455500000000033
pca_rf,test,0.0,0.5591500000000003
pca_rf,test,0.0,0.5591500000000003
pca_rf,test,8.34,8.097250000000004
pca_rf,test,6.04,11.3267
pca_rf,test,9.26,15.413800000000013
pca_rf,test,4.76,6.283299999999996
pca_rf,test,6.22,7.520250000000003
pca_rf,test,7.48,8.680400000000006
pca_rf,test,23.28,11.240749999999997
pca_rf,test,25.54,23.98419999999999
pca_rf,test,27.82,27.3296
pca_rf,test,18.8,25.133600000000012
pca_rf,test,20.94,24.53515
pca_rf,test,15.58,15.98579999999999
pca_rf,test,27.16,26.73465000000001
pca_rf,test,23.22,15.219699999999998
pca_rf,test,21.38,13.620199999999995
pca_rf,test,14.22,12.335600000000005
pca_rf,test,11.26,13.019049999999995
pca_rf,test,19.34,16.444449999999996
pca_rf,test,3.86,2.363099999999999
pca_rf,test,29.76,23.266750000000005
pca_rf,test,20.66,10.984650000000002
pca_rf,test,0.0,0.0966
pca_rf,test,0.0,0.21630000000000002
pca_rf,test,11.86,4.876400000000003
pca_rf,test,9.72,5.3113
pca_rf,test,0.0,0.27665
pca_rf,test,0.0,0.17270000000000002
pca_rf,test,0.0,0.05399999999999999
pca_rf,test,0.0,0.17270000000000002
pca_rf,test,0.0,0.27665
pca_rf,test,6.36,11.970900000000011
pca_rf,test,0.0,6.393249999999997
pca_rf,test,4.76,1.9983499999999992
pca_rf,test,0.0,4.63955
pca_rf,test,0.0,4.618799999999999
pca_rf,test,8.62,5.708450000000002
pca_rf,test,12.94,5.94425
pca_rf,test,14.28,15.793200000000008
pca_rf,test,7.62,4.784350000000002
pca_rf,test,6.26,5.796450000000001
pca_rf,test,8.74,10.890999999999993
pca_rf,test,10.54,3.7306500000000016
pca_rf,test,8.48,8.276749999999995
pca_rf,test,4.96,4.379750000000004
pca_rf,test,9.78,8.004799999999998
pca_rf,test,7.26,8.679849999999997
pca_rf,test,17.54,15.048650000000011
pca_rf,test,8.08,5.1057999999999995
pca_rf,test,8.2,6.413399999999993
pca_rf,test,13.08,7.305350000000004
pca_rf,test,0.0,0.0
pca_rf,test,0.0,0.0161
pca_rf,test,0.0,0.18059999999999998
pca_rf,test,0.0,1.3134500000000002
pca_rf,test,0.0,0.22565
pca_rf,test,0.0,0.3079499999999999
pca_rf,test,0.0,0.0483
pca_rf,test,0.0,0.0161
pca_rf,test,0.0,0.0
pca_rf,test,0.0,6.295849999999997
pca_rf,test,10.22,9.263000000000003
pca_rf,test,5.14,3.3064999999999998
pca_rf,test,5.06,3.085949999999999
pca_rf,test,3.7,2.9083500000000013
pca_rf,test,5.48,4.349450000000004
pca_rf,test,8.88,5.3760499999999976
pca_rf,test,8.48,6.333649999999997
pca_rf,test,4.94,10.168650000000007
pca_rf,test,6.02,3.54545
pca_rf,test,0.0,1.5021499999999997
pca_rf,test,2.38,3.2435500000000026
pca_rf,test,3.84,3.414800000000003
pca_rf,test,2.34,3.2251000000000003
pca_rf,test,5.42,3.6784000000000017
pca_rf,test,3.18,3.8130000000000024
pca_rf,test,3.7,3.922450000000002
pca_rf,test,2.48,3.068300000000001
pca_rf,test,2.62,3.0803000000000007
pca_rf,test,0.82,3.8885999999999994
pca_rf,test,0.84,3.9343499999999993
pca_rf,test,1.46,1.147699999999999
pca_rf,test,7.78,4.556399999999999
pca_rf,test,3.62,4.194100000000001
pca_rf,test,0.0,0.6794
pca_rf,test,0.0,0.7888499999999997
pca_rf,test,0.0,0.6972
pca_rf,test,0.0,0.8007000000000001
pca_rf,test,0.0,0.6346
pca_rf,test,0.0,0.6765000000000002
pca_rf,test,0.0,0.6854000000000002
pca_rf,test,0.0,1.0547999999999988
pca_rf,test,0.0,1.0404999999999989
pca_rf,test,0.0,0.913349999999999
pca_rf,test,0.0,1.3916999999999993
pca_rf,test,0.0,1.280599999999998
pca_rf,test,0.0,0.9269499999999989
pca_rf,test,0.0,0.56545
pca_rf,test,0.0,1.3916999999999993
pca_rf,test,0.0,1.3916999999999993
pca_rf,test,0.0,1.061049999999999
pca_rf,test,0.0,1.0383999999999989
pca_rf,test,26.0,14.108799999999997
pca_rf,test,13.0,4.029350000000001
pca_rf,test,5.68,2.991599999999998
pca_rf,test,15.06,7.207299999999999
pca_rf,test,4.68,2.940700000000001
pca_rf,test,10.1,5.552650000000001
pca_rf,test,8.42,2.334099999999995
pca_rf,test,12.14,4.2849999999999975
pca_rf,test,13.16,3.598349999999998
pca_rf,test,11.28,2.772500000000002
pca_rf,test,13.88,3.435350000000001
pca_rf,test,13.4,3.059800000000004
pca_rf,test,0.0,0.3762
pca_rf,test,0.0,0.2011
pca_rf,test,0.0,0.4014
pca_rf,test,0.0,0.14210000000000003
pca_rf,test,0.0,0.12480000000000002
pca_rf,test,0.0,1.7796999999999985
pca_rf,test,0.0,1.7796999999999985
pca_rf,test,0.0,2.067749999999999
pca_rf,test,0.0,1.7558499999999995
pca_rf,test,0.0,1.7766499999999994
pca_rf,test,8.06,2.7768
pca_rf,test,7.92,2.4801
pca_rf,test,7.74,3.5249499999999996
pca_rf,test,8.26,2.8073
pca_rf,test,11.98,3.4879000000000007
pca_rf,test,0.0,0.74125
pca_rf,test,0.0,0.74125
pca_rf,test,8.04,10.132700000000003
pca_rf,test,5.6,8.137049999999999
pca_rf,test,6.6,8.38345
pca_rf,test,5.3,9.871350000000009
pca_rf,test,4.62,7.663050000000001
pca_rf,test,2.98,3.6099999999999977
pca_rf,test,2.22,2.55835
pca_rf,test,3.62,2.882300000000001
pca_rf,test,1.58,2.278949999999999
pca_rf,test,5.2,5.223100000000004
pca_rf,test,3.5,3.0224500000000005
pca_rf,test,4.58,3.0853
pca_rf,test,5.58,7.223400000000003
pca_rf,test,15.62,12.553700000000003
pca_rf,test,6.52,3.2655999999999996
pca_rf,test,3.34,2.39605
pca_rf,test,14.58,10.647700000000004
pca_rf,test,9.8,5.588550000000003
pca_rf,test,7.18,3.838450000000001
pca_rf,test,6.6,3.658299999999999
pca_rf,test,2.84,3.523700000000001
pca_rf,test,4.92,3.678299999999999
pca_rf,test,3.86,1.5782000000000023
pca_rf,test,5.46,3.4937500000000004
pca_rf,test,0.0,0.04295
pca_rf,test,0.0,0.4828
pca_rf,test,0.0,0.04295
pca_rf,test,0.0,0.38275
pca_rf,test,0.0,2.1693500000000006
pca_rf,test,0.0,2.1693500000000006
pca_rf,test,3.3,9.14390000000001
pca_rf,test,0.0,3.0723500000000037
pca_rf,test,0.0,2.263350000000001
pca_rf,test,0.0,3.1212000000000013
pca_rf,test,0.0,2.9905000000000026
pca_rf,test,3.04,6.448250000000007
pca_rf,test,0.0,3.044850000000003
pca_rf,test,0.0,2.0975999999999995
pca_rf,test,0.0,2.7144000000000004
pca_rf,test,0.0,2.0801499999999997
pca_rf,test,0.46,3.6481
pca_rf,test,4.96,1.09265
pca_rf,test,0.54,1.956449999999999
pca_rf,test,0.0,6.0108999999999995
pca_rf,test,0.0,6.032499999999999
pca_rf,test,0.0,5.983
pca_rf,test,0.0,5.983
pca_rf,test,0.0,5.685900000000003
pca_rf,test,0.0,5.668150000000002
pca_rf,test,0.0,5.845999999999999
pca_rf,test,2.16,1.8873499999999999
pca_rf,test,0.0,0.0
pca_rf,test,5.18,3.286850000000001
pca_rf,test,8.26,11.246550000000006
pca_rf,test,0.0,4.1808499999999995
pca_rf,test,0.0,4.1808499999999995
pca_rf,test,3.2,3.446650000000001
pca_rf,test,0.0,4.1808499999999995
pca_rf,test,0.0,4.1808499999999995
pca_rf,test,4.56,3.0651000000000006
pca_rf,test,1.78,2.1857999999999995
pca_rf,test,0.82,1.92075
pca_rf,test,1.38,2.5170999999999997
pca_rf,test,8.5,12.168850000000003
pca_rf,test,0.0,4.134150000000002
pca_rf,test,0.0,4.134150000000002
pca_rf,test,0.0,0.4170999999999999
pca_rf,test,0.0,0.38575
pca_rf,test,0.0,0.3662499999999999
pca_rf,test,0.0,0.8831
pca_rf,test,14.6,7.79105
pca_rf,test,19.64,10.3253
pca_rf,test,8.58,3.8928499999999997
pca_rf,test,13.06,7.801850000000002
pca_rf,test,6.58,3.8974499999999948
pca_rf,test,13.42,8.24675
pca_rf,test,4.8,3.3535499999999985
pca_rf,test,15.7,3.8455500000000002
pca_rf,test,16.0,3.8172
pca_rf,test,4.66,0.28525
pca_rf,test,6.86,0.7939999999999999
pca_rf,test,4.14,4.657350000000001
pca_rf,test,9.22,12.155450000000009
pca_rf,test,0.0,0.0
pca_rf,test,0.0,0.0
pca_rf,test,9.08,10.175600000000006
pca_rf,test,9.42,3.7713000000000023
pca_rf,test,8.74,11.112500000000006
pca_rf,test,0.0,0.0
pca_rf,test,0.0,0.0
pca_rf,test,0.0,0.4104
pca_rf,test,0.0,0.0161
pca_rf,test,0.0,0.28955
pca_rf,test,0.0,0.0483
pca_rf,test,0.0,0.0161
pca_rf,test,0.0,7.086399999999998
pca_rf,test,0.0,5.61745
pca_rf,test,0.0,5.516700000000001
