,PC1,PC2,PC3,PC4,PC5,PC6,PC7,PC8,PC9,PC10
size,0.05869237131440349,0.16844472282993858,-0.18438812815413144,-0.2577282771470729,-0.23136885076948566,-0.017530382096633434,-0.08847741786272234,0.12647289375414109,0.20209077089078778,-0.18103717260922297
block_score,-0.04864610797109459,0.2828804401494951,0.07934744562814622,0.15965061053739385,-0.059355904770033,0.02053868697657711,-0.008610856546642752,0.039934521381624274,0.02439133201228117,-0.4101316689666285
rr_w,0.022344849227127116,0.15436906162174086,0.26397206836578335,0.042896784718556534,-0.0021922751020227323,0.055937509507046214,0.18648691114352003,-0.38297685781155005,0.36581729887110126,-0.34399387383373203
predicted_yield,0.028883724665660724,0.40108545222433695,-0.16132297517652194,-0.09918356442991214,-0.15839666928641194,-0.08909040602295433,0.019113558826008733,-0.011753897605421601,0.03308980806002219,-0.046408646677308714
previous_year_actual_yield,0.04410892038276386,0.2728965808088008,-0.2914061434978957,-0.27058049004445117,0.05478183856923644,-0.12067041012854952,0.0012165243880827153,0.20658785398686566,0.2439758107696924,0.14500859791231857
distance_between_rows,0.11521232819379573,0.06626434393639452,-0.08717450753276353,-0.21062958037610674,-0.01686385872597546,0.625742037031564,-0.09318052366112645,-0.04427839710963194,-0.12015534876429133,-0.059425874181260115
distance_between_vines,0.06934250402438366,0.0746127430799768,-0.032196315379900614,-0.03846202213404959,0.021369373954990084,0.5730830484556229,0.41941767568781596,0.28545986989373806,-0.12936299164972312,-0.1215347236230309
vines_per_quarter_acre,-0.1322012210318876,-0.02810352093429074,0.05712308634022626,0.20240372935451292,-0.03412294213793261,-0.17135676746982592,0.5884068565800684,0.45836348804780525,0.10320589376603329,0.07322809835807836
planting_year,-0.017177578639068204,-0.2475311573004577,0.010137145443252078,0.03362225454597671,-0.33746821066384625,-0.152880844244066,-0.16298296530429243,0.24780588490428596,0.07073774851464897,-0.0720221639572817
degree,-0.05472374874675767,0.029277552428726702,-0.009638392045626111,0.1416696131457966,-0.24615131758396294,0.34964181839287256,-0.2582571335342832,-0.022686002020102066,0.2022494995651993,0.5009093043791941
altitude_m,-0.20332139257184567,0.09702139891183999,0.023393293020249107,0.28671974816018003,-0.12919769817736132,0.13485546001600793,0.24794452455720706,-0.001985423899380699,0.07341697693622856,0.2889091857457138
cluster_count,0.03015442590810076,0.41935277608533705,0.009698272504529737,0.07179961422435477,0.06127390795156948,-0.03824169584894105,-0.07447205636106044,0.07928921548284833,0.012799104638809107,-0.08058463539573732
cluster_weight,0.006352118988481961,0.24017739478676084,0.3930482526402132,-0.2271705896118088,0.08042192340772979,-0.079553370606134,0.07935925850171646,-0.09797735587501495,-0.16058888715298955,0.2204965220102352
weather_temp_max_mean,0.40624849711675826,-0.010529695073152429,0.018410104865500022,0.060975951984100656,-0.010656690130939292,-0.04876631836426367,0.05194021316078226,0.021815018062988502,-0.01483356963504774,0.00023948729870992586
weather_temp_min_mean,0.3947305884076241,-0.0068367254428083534,0.021880861519380904,0.08834071645996634,-0.02551561230186,-0.026803507193891404,0.05475763197401579,-0.01658652417584988,0.047891429790894516,-0.03723662720749406
weather_vpd_max_mean,0.40269611032685065,0.007436748873513702,0.028167601640870798,0.07504483205755964,0.00228948779062356,-0.041706867182590486,0.07126572593621783,-0.016475682936241885,0.04066837658000215,0.017675292645749855
weather_rain_daily_sum,-0.34067365762898777,0.0027368423636572087,-0.04365714063060096,-0.02311830959432187,0.00033811216264149555,0.048202079070722305,-0.005067468736608418,-0.09053822273258029,0.10173924191505261,-0.19263009167475637
weather_gdd_from_mar_max,0.3661750063875712,-0.058075027018006035,-0.012464973525157182,0.09740019002477183,-0.07024852253693382,-0.02351687197409983,0.016684860602745235,0.024253542126385908,-0.06222786576891003,0.10029645520949926
weather_solar_rad_mean,0.15532975620171932,-0.0013750061386097292,0.11955936108707042,0.0513184134846735,-0.12611489852174873,0.05434679343006498,0.11733285894715238,-0.2199667133027755,0.57884870787664,0.2168383270444155
weather_cold_hours_sum,-0.38618641985090746,0.03599837467563984,0.012593128596828372,-0.07571435363716487,0.03392650361597074,0.041147111928336665,-0.00277664742228132,-0.06325272256689499,0.11726162283570643,0.08014026143298995
yield_error,0.03626909066664546,-0.1711310760668377,0.08777599690370487,-0.3200820095951582,0.3205102485215271,0.03413887130116088,-0.0380233534962175,0.21575202439010968,0.1214317820300292,0.03406723085991068
shoots_per_vine,0.017285209422026524,0.2621320967932063,0.16297074212010867,0.3138287994809414,0.34462922025745707,0.029522558540125535,-0.1909841259567103,0.17505432828404474,-0.0040747378063552935,0.016166861651736083
canopy_size,0.00635211898848195,0.24017739478676084,0.3930482526402132,-0.22717058961180886,0.08042192340772977,-0.07955337060613397,0.0793592585017165,-0.09797735587501501,-0.1605888871529895,0.22049652201023523
shoots_per_canopy_area,0.004347075946055543,0.12289230699176656,0.11377100963538589,0.3773195177929687,0.22198231796331305,0.08961016563552061,-0.3994980481437627,0.3071982338469961,0.15348197381220197,-0.033300592373412284
previous_year_predicted_yield,0.02225981734293415,0.3388190195434857,-0.2864605166929071,-0.09466758111248805,-0.17305182996483023,-0.13273281318990685,-0.005447369720062204,0.1055037202044373,-0.03395402289452408,0.14951785229803927
previous_year_yield_error,0.03223755807694587,-0.14005134016424214,-0.0024234282531753865,-0.28019508985126945,0.4075446700914531,0.029186237801326096,0.005343096233432879,0.17722213133553133,0.42814741933690503,0.005792155497576897
previous_year_canopy_size,0.004707711498160455,0.07612306098009602,-0.361559853263591,0.10035650591586662,0.38435718325166557,-0.0724595366734153,0.11418364141740864,-0.21530015629141872,-0.1461696245032164,0.24017542624959778
canopy_change_from_previous_year,-0.010798188503205845,0.026763311564479395,0.423375499912265,-0.21957443369782953,-0.26035414023250536,-0.015122451606413158,-0.13337599481082874,0.2988543238769954,-0.08890886551119345,0.07505026408081286
