harvest_year,vineyard,variety,block,size,block_score,rr_w,yield_estimation,yield_actual,yield_prev_year,winery,root_stock,clone,distance_between_rows,distance_between_vines,vines_per_quarter_acre,planting_year,weather_station,degree,general_direction,altitude_m,color,cluster_count,cluster_weight,weather_temp_max_mean,weather_temp_min_mean,weather_vpd_max_mean,weather_rain_daily_sum,weather_gdd_from_mar_max,weather_solar_rad_mean,weather_cold_hours_sum
2023,ELR,CS,ELR23,209.0,0,0.0,0.0,0.0,,,,,,,,,,,,,,0.0,0.0,,,,,,,
2020,ELR,CS,ELRCS04EE,18.1,4,0.0,7.0,5.63,,GHW,101/14,22,3.0,1.5,222.0,2004.0,ELR,160.0,NS,1016.0,R,24.0,0.0,18.925081433224754,9.91172638436482,1.5264495114006515,797.0,2222.0,865.71335504886,-1289.0
2021,ELR,CS,ELRCS04EE,18.1,0,0.0,14.48,9.03,5.63,GHW,101/14,22,3.0,1.5,222.0,2004.0,ELR,160.0,NS,1016.0,R,18.0,0.0,21.06231884057971,10.617101449275362,1.6642898550724636,732.4,2408.0,884.304347826087,-1614.0
2022,ELR,CS,ELRCS04EE,18.1,4,0.0,11.0,4.09,9.03,GHW,101/14,22,3.0,1.5,222.0,2004.0,ELR,160.0,NS,1016.0,R,14.0,0.0,20.49890410958904,10.183287671232877,1.6017534246575342,734.2,2227.0,895.1342465753424,-1345.0
2023,ELR,CS,ELRCS04EE,18.1,4,0.0,6.5,2.63,4.09,GHW,101/14,22,3.0,1.5,222.0,2004.0,ELR,160.0,NS,1016.0,R,7.0,0.0,18.479726027397263,9.267397260273972,1.449972602739726,797.7,2218.0,780.4904109589041,-1208.0
2024,ELR,CS,ELRCS04EE,18.1,4,0.0,5.0,2.42,2.63,GHW,101/14,22,3.0,1.5,222.0,2004.0,ELR,160.0,NS,1016.0,R,10.0,0.0,21.237260273972602,11.018904109589041,1.6198356164383563,649.9,2328.0,900.8027397260274,-1951.0
2025,ELR,CS,ELRCS04EE,18.1,4,0.0,5.0,2.84,2.42,GHW,101/14,22,3.0,1.5,222.0,2004.0,ELR,160.0,NS,1016.0,R,0.0,0.0,21.89123287671233,10.42986301369863,1.8915616438356164,364.9,2321.0,882.9041095890411,-1874.0
2020,ELR,CS,ELRCS04EEF,0.0,0,0.28,0.0,0.0,,,,,,,,,,,,,,0.0,0.0,,,,,,,
2021,ELR,CS,ELRCS04EEF,0.0,0,0.0,0.0,0.0,0.0,,,,,,,,,,,,,0.0,0.0,,,,,,,
2022,ELR,CS,ELRCS04EEF,0.0,0,0.0,0.0,0.0,0.0,,,,,,,,,,,,,0.0,0.0,,,,,,,
2023,ELR,CS,ELRCS04EEF,0.0,0,0.0,0.0,0.0,0.0,,,,,,,,,,,,,0.0,0.0,,,,,,,
2024,ELR,CS,ELRCS04EEF,0.0,0,0.0,0.0,0.0,0.0,,,,,,,,,,,,,0.0,0.0,,,,,,,
2025,ELR,CS,ELRCS04EEF,0.0,0,0.0,0.0,0.0,0.0,,,,,,,,,,,,,0.0,0.0,,,,,,,
2020,ELR,CS,ELRCS04EEI,0.0,0,0.32,0.0,0.0,,,,,,,,,,,,,,0.0,77.0,,,,,,,
2021,ELR,CS,ELRCS04EEI,0.0,0,0.0,0.0,0.0,0.0,,,,,,,,,,,,,0.0,0.0,,,,,,,
2022,ELR,CS,ELRCS04EEI,0.0,0,0.0,0.0,0.0,0.0,,,,,,,,,,,,,0.0,0.0,,,,,,,
2023,ELR,CS,ELRCS04EEI,0.0,0,0.0,0.0,0.0,0.0,,,,,,,,,,,,,0.0,0.0,,,,,,,
2024,ELR,CS,ELRCS04EEI,0.0,0,0.0,0.0,0.0,0.0,,,,,,,,,,,,,0.0,0.0,,,,,,,
2025,ELR,CS,ELRCS04EEI,0.0,0,0.0,0.0,0.0,0.0,,,,,,,,,,,,,0.0,0.0,,,,,,,
2020,ELR,CS,ELRCS04EW,11.5,4,0.3,7.0,7.37,,GHW,,22,3.0,1.5,222.0,2004.0,ELR,160.0,NS,1016.0,R,25.0,124.0,18.925081433224754,9.91172638436482,1.5264495114006515,797.0,2222.0,865.71335504886,-1289.0
2021,ELR,CS,ELRCS04EW,11.5,0,0.0,9.2,8.18,7.37,GHW,,22,3.0,1.5,222.0,2004.0,ELR,160.0,NS,1016.0,R,20.0,0.0,21.06231884057971,10.617101449275362,1.6642898550724636,732.4,2408.0,884.304347826087,-1614.0
2022,ELR,CS,ELRCS04EW,11.5,4,0.0,8.0,6.03,8.18,GHW,,22,3.0,1.5,222.0,2004.0,ELR,160.0,NS,1016.0,R,20.0,123.0,20.49890410958904,10.183287671232877,1.6017534246575342,734.2,2227.0,895.1342465753424,-1345.0
2023,ELR,CS,ELRCS04EW,11.5,4,0.0,7.1,4.8,6.03,GHW,,22,3.0,1.5,222.0,2004.0,ELR,160.0,NS,1016.0,R,11.0,0.0,18.479726027397263,9.267397260273972,1.449972602739726,797.7,2218.0,780.4904109589041,-1208.0
2024,ELR,CS,ELRCS04EW,11.5,4,0.0,7.0,4.18,4.8,GHW,,22,3.0,1.5,222.0,2004.0,ELR,160.0,NS,1016.0,R,12.0,0.0,21.237260273972602,11.018904109589041,1.6198356164383563,649.9,2328.0,900.8027397260274,-1951.0
2025,ELR,CS,ELRCS04EW,11.5,4,0.0,2.0,8.08,4.18,GHW,,22,3.0,1.5,222.0,2004.0,ELR,160.0,NS,1016.0,R,0.0,0.0,21.89123287671233,10.42986301369863,1.8915616438356164,364.9,2321.0,882.9041095890411,-1874.0
2020,ELR,CS,ELRCS04WE,8.9,4,0.31,5.0,3.31,,GHW,101/14,GOLAN,3.0,1.5,222.0,2004.0,ELR,160.0,NS,1016.0,R,25.0,65.0,18.925081433224754,9.91172638436482,1.5264495114006515,797.0,2222.0,865.71335504886,-1289.0
2021,ELR,CS,ELRCS04WE,8.9,0,0.0,6.23,5.05,3.31,GHW,101/14,GOLAN,3.0,1.5,222.0,2004.0,ELR,160.0,NS,1016.0,R,16.0,0.0,21.06231884057971,10.617101449275362,1.6642898550724636,732.4,2408.0,884.304347826087,-1614.0
2022,ELR,CS,ELRCS04WE,8.9,4,0.0,5.0,3.02,5.05,GHW,101/14,GOLAN,3.0,1.5,222.0,2004.0,ELR,160.0,NS,1016.0,R,18.0,81.0,20.49890410958904,10.183287671232877,1.6017534246575342,734.2,2227.0,895.1342465753424,-1345.0
2023,ELR,CS,ELRCS04WE,8.9,4,0.0,3.9,1.98,3.02,GHW,101/14,GOLAN,3.0,1.5,222.0,2004.0,ELR,160.0,NS,1016.0,R,13.0,0.0,18.479726027397263,9.267397260273972,1.449972602739726,797.7,2218.0,780.4904109589041,-1208.0
2024,ELR,CS,ELRCS04WE,8.9,4,0.0,3.0,1.84,1.98,GHW,101/14,GOLAN,3.0,1.5,222.0,2004.0,ELR,160.0,NS,1016.0,R,13.0,0.0,21.237260273972602,11.018904109589041,1.6198356164383563,649.9,2328.0,900.8027397260274,-1951.0
2025,ELR,CS,ELRCS04WE,8.9,4,0.0,2.0,3.02,1.84,GHW,101/14,GOLAN,3.0,1.5,222.0,2004.0,ELR,160.0,NS,1016.0,R,0.0,0.0,21.89123287671233,10.42986301369863,1.8915616438356164,364.9,2321.0,882.9041095890411,-1874.0
2020,ELR,CS,ELRCS04WW,7.0,4,0.36,6.0,5.11,,GHW,,,3.0,1.5,222.0,2004.0,ELR,160.0,NS,1016.0,R,30.0,133.0,18.925081433224754,9.91172638436482,1.5264495114006515,797.0,2222.0,865.71335504886,-1289.0
2021,ELR,CS,ELRCS04WW,7.0,0,0.0,5.25,5.37,5.11,GHW,,,3.0,1.5,222.0,2004.0,ELR,160.0,NS,1016.0,R,22.0,0.0,21.06231884057971,10.617101449275362,1.6642898550724636,732.4,2408.0,884.304347826087,-1614.0
2022,ELR,CS,ELRCS04WW,7.0,4,0.0,5.0,2.43,5.37,GHW,,,3.0,1.5,222.0,2004.0,ELR,160.0,NS,1016.0,R,17.0,99.0,20.49890410958904,10.183287671232877,1.6017534246575342,734.2,2227.0,895.1342465753424,-1345.0
2023,ELR,CS,ELRCS04WW,7.0,4,0.0,4.5,3.26,2.43,GHW,,,3.0,1.5,222.0,2004.0,ELR,160.0,NS,1016.0,R,17.0,0.0,18.479726027397263,9.267397260273972,1.449972602739726,797.7,2218.0,780.4904109589041,-1208.0
2024,ELR,CS,ELRCS04WW,7.0,4,0.0,4.0,2.9,3.26,GHW,,,3.0,1.5,222.0,2004.0,ELR,160.0,NS,1016.0,R,17.0,0.0,21.237260273972602,11.018904109589041,1.6198356164383563,649.9,2328.0,900.8027397260274,-1951.0
2025,ELR,CS,ELRCS04WW,7.0,4,0.0,3.0,5.94,2.9,GHW,,,3.0,1.5,222.0,2004.0,ELR,160.0,NS,1016.0,R,0.0,0.0,21.89123287671233,10.42986301369863,1.8915616438356164,364.9,2321.0,882.9041095890411,-1874.0
2020,ELR,CS,ELRCS0522E,16.4,3,0.35,6.0,5.67,,,,,,,,,,,,,,21.0,88.0,,,,,,,
2021,ELR,CS,ELRCS0522E,16.4,0,0.0,11.48,6.08,5.67,,,,,,,,,,,,,20.0,88.0,,,,,,,
2022,ELR,CS,ELRCS0522E,16.4,4,0.0,7.0,4.92,6.08,,,,,,,,,,,,,13.0,111.0,,,,,,,
2023,ELR,CS,ELRCS0522E,16.4,4,0.0,8.2,3.1,4.92,,,,,,,,,,,,,9.0,0.0,,,,,,,
2024,ELR,CS,ELRCS0522E,16.4,4,0.0,5.0,4.58,3.1,,,,,,,,,,,,,11.0,0.0,,,,,,,
2020,ELR,CS,ELRCS0522W,15.8,3,0.29,6.0,5.76,,,,,,,,,,,,,,20.0,42.0,,,,,,,
2021,ELR,CS,ELRCS0522W,15.8,0,0.0,11.06,7.61,5.76,,,,,,,,,,,,,24.0,0.0,,,,,,,
2022,ELR,CS,ELRCS0522W,15.8,4,0.0,6.0,6.1,7.61,,,,,,,,,,,,,20.0,0.0,,,,,,,
2023,ELR,CS,ELRCS0522W,15.8,4,0.0,7.9,3.54,6.1,,,,,,,,,,,,,10.0,0.0,,,,,,,
2024,ELR,CS,ELRCS0522W,15.8,4,0.0,6.0,5.24,3.54,,,,,,,,,,,,,10.0,0.0,,,,,,,
2020,ELR,CS,ELRCS05NE,15.8,4,0.38,10.0,5.92,,,,,,,,,,,,,,28.0,92.0,,,,,,,
2021,ELR,CS,ELRCS05NE,15.8,0,0.0,9.48,5.83,5.92,,,,,,,,,,,,,17.0,86.0,,,,,,,
2022,ELR,CS,ELRCS05NE,15.8,4,0.0,5.0,5.24,5.83,,,,,,,,,,,,,16.0,97.0,,,,,,,
2023,ELR,CS,ELRCS05NE,15.8,4,0.0,7.9,4.1,5.24,,,,,,,,,,,,,14.0,0.0,,,,,,,
2024,ELR,CS,ELRCS05NE,15.8,4,0.0,5.0,4.44,4.1,,,,,,,,,,,,,14.0,0.0,,,,,,,
2020,ELR,CS,ELRCS05NW,11.3,4,0.38,5.0,2.91,,,,,,,,,,,,,,23.0,71.0,,,,,,,
2021,ELR,CS,ELRCS05NW,11.3,0,0.0,5.09,4.88,2.91,,,,,,,,,,,,,16.0,0.0,,,,,,,
2022,ELR,CS,ELRCS05NW,11.3,4,0.0,3.0,3.32,4.88,,,,,,,,,,,,,15.0,76.0,,,,,,,
2023,ELR,CS,ELRCS05NW,11.3,4,0.0,5.7,2.72,3.32,,,,,,,,,,,,,14.0,0.0,,,,,,,
2024,ELR,CS,ELRCS05NW,11.3,4,0.0,3.0,3.06,2.72,,,,,,,,,,,,,13.0,0.0,,,,,,,
2020,ELR,CS,ELRCS09338SON,7.7,4,0.36,10.0,8.74,,GHW,SO4,338,2.5,1.5,267.0,2009.0,ELR,10.0,NS,1000.0,R,37.0,177.0,18.925081433224754,9.91172638436482,1.5264495114006515,797.0,2222.0,865.71335504886,-1289.0
2021,ELR,CS,ELRCS09338SON,7.7,0,0.0,8.47,7.6,8.74,GHW,SO4,338,2.5,1.5,267.0,2009.0,ELR,10.0,NS,1000.0,R,21.0,0.0,21.06231884057971,10.617101449275362,1.6642898550724636,732.4,2408.0,884.304347826087,-1614.0
2022,ELR,CS,ELRCS09338SON,7.7,4,0.0,7.0,6.84,7.6,GHW,SO4,338,2.5,1.5,267.0,2009.0,ELR,10.0,NS,1000.0,R,22.0,162.0,20.49890410958904,10.183287671232877,1.6017534246575342,734.2,2227.0,895.1342465753424,-1345.0
2023,ELR,CS,ELRCS09338SON,7.7,4,0.0,8.1,5.2,6.84,GHW,SO4,338,2.5,1.5,267.0,2009.0,ELR,10.0,NS,1000.0,R,19.0,0.0,18.479726027397263,9.267397260273972,1.449972602739726,797.7,2218.0,780.4904109589041,-1208.0
2024,ELR,CS,ELRCS09338SON,7.7,4,0.0,7.0,5.58,5.2,GHW,SO4,338,2.5,1.5,267.0,2009.0,ELR,10.0,NS,1000.0,R,17.0,0.0,21.237260273972602,11.018904109589041,1.6198356164383563,649.9,2328.0,900.8027397260274,-1951.0
2025,ELR,CS,ELRCS09338SON,7.7,5,0.0,6.0,6.06,5.58,GHW,SO4,338,2.5,1.5,267.0,2009.0,ELR,10.0,NS,1000.0,R,0.0,0.0,21.89123287671233,10.42986301369863,1.8915616438356164,364.9,2321.0,882.9041095890411,-1874.0
2020,ELR,CS,ELRCS09338SOSE,13.31,4,0.37,20.0,15.1,,GHW,SO4,338,2.5,1.5,267.0,2009.0,ELR,10.0,NS,1000.0,R,35.0,177.0,18.925081433224754,9.91172638436482,1.5264495114006515,797.0,2222.0,865.71335504886,-1289.0
2021,ELR,CS,ELRCS09338SOSE,13.31,0,0.0,15.97,19.39,15.1,GHW,SO4,338,2.5,1.5,267.0,2009.0,ELR,10.0,NS,1000.0,R,24.0,0.0,21.06231884057971,10.617101449275362,1.6642898550724636,732.4,2408.0,884.304347826087,-1614.0
2022,ELR,CS,ELRCS09338SOSE,13.31,4,0.0,16.0,14.64,19.39,GHW,SO4,338,2.5,1.5,267.0,2009.0,ELR,10.0,NS,1000.0,R,18.0,207.0,20.49890410958904,10.183287671232877,1.6017534246575342,734.2,2227.0,895.1342465753424,-1345.0
2023,ELR,CS,ELRCS09338SOSE,13.31,4,0.0,16.4,13.2,14.64,GHW,SO4,338,2.5,1.5,267.0,2009.0,ELR,10.0,NS,1000.0,R,19.0,0.0,18.479726027397263,9.267397260273972,1.449972602739726,797.7,2218.0,780.4904109589041,-1208.0
2024,ELR,CS,ELRCS09338SOSE,13.31,4,0.0,16.0,12.6,13.2,GHW,SO4,338,2.5,1.5,267.0,2009.0,ELR,10.0,NS,1000.0,R,21.0,0.0,21.237260273972602,11.018904109589041,1.6198356164383563,649.9,2328.0,900.8027397260274,-1951.0
2025,ELR,CS,ELRCS09338SOSE,13.31,5,0.0,10.0,9.62,12.6,GHW,SO4,338,2.5,1.5,267.0,2009.0,ELR,10.0,NS,1000.0,R,0.0,0.0,21.89123287671233,10.42986301369863,1.8915616438356164,364.9,2321.0,882.9041095890411,-1874.0
2020,ELR,CS,ELRCS09338SOSW,7.16,4,0.37,13.0,12.96,,GHW,SO4,338,2.5,1.5,267.0,2009.0,ELR,10.0,NS,1000.0,R,31.0,186.0,18.925081433224754,9.91172638436482,1.5264495114006515,797.0,2222.0,865.71335504886,-1289.0
2021,ELR,CS,ELRCS09338SOSW,7.16,0,0.0,13.25,12.06,12.96,GHW,SO4,338,2.5,1.5,267.0,2009.0,ELR,10.0,NS,1000.0,R,33.0,0.0,21.06231884057971,10.617101449275362,1.6642898550724636,732.4,2408.0,884.304347826087,-1614.0
2022,ELR,CS,ELRCS09338SOSW,7.16,4,0.0,10.0,6.7,12.06,GHW,SO4,338,2.5,1.5,267.0,2009.0,ELR,10.0,NS,1000.0,R,22.0,198.0,20.49890410958904,10.183287671232877,1.6017534246575342,734.2,2227.0,895.1342465753424,-1345.0
2023,ELR,CS,ELRCS09338SOSW,7.16,4,0.0,12.1,7.5,6.7,GHW,SO4,338,2.5,1.5,267.0,2009.0,ELR,10.0,NS,1000.0,R,21.0,0.0,18.479726027397263,9.267397260273972,1.449972602739726,797.7,2218.0,780.4904109589041,-1208.0
2024,ELR,CS,ELRCS09338SOSW,7.16,4,0.0,10.0,5.82,7.5,GHW,SO4,338,2.5,1.5,267.0,2009.0,ELR,10.0,NS,1000.0,R,21.0,0.0,21.237260273972602,11.018904109589041,1.6198356164383563,649.9,2328.0,900.8027397260274,-1951.0
2025,ELR,CS,ELRCS09338SOSW,7.16,5,0.0,5.0,6.3,5.82,GHW,SO4,338,2.5,1.5,267.0,2009.0,ELR,10.0,NS,1000.0,R,0.0,0.0,21.89123287671233,10.42986301369863,1.8915616438356164,364.9,2321.0,882.9041095890411,-1874.0
2020,ELR,CS,ELRCS1216914EF,6.3,4,0.43,5.0,5.19,,GHW,101/14,169,2.5,1.5,267.0,2012.0,EMB,73.0,EW,995.0,R,34.0,117.0,,,,,,,
2021,ELR,CS,ELRCS1216914EF,6.3,0,0.0,5.04,4.04,5.19,GHW,101/14,169,2.5,1.5,267.0,2012.0,EMB,73.0,EW,995.0,R,19.0,0.0,,,,,,,
2022,ELR,CS,ELRCS1216914EF,6.3,4,0.0,6.0,4.09,4.04,GHW,101/14,169,2.5,1.5,267.0,2012.0,EMB,73.0,EW,995.0,R,23.0,140.0,,,,,,,
2023,ELR,CS,ELRCS1216914EF,6.3,4,0.0,4.3,3.07,4.09,GHW,101/14,169,2.5,1.5,267.0,2012.0,EMB,73.0,EW,995.0,R,18.0,0.0,,,,,,,
2024,ELR,CS,ELRCS1216914EF,6.3,4,0.0,4.0,2.94,3.07,GHW,101/14,169,2.5,1.5,267.0,2012.0,EMB,73.0,EW,995.0,R,17.0,0.0,,,,,,,
2025,ELR,CS,ELRCS1216914EF,6.3,4,0.0,4.0,2.5,2.94,GHW,101/14,169,2.5,1.5,267.0,2012.0,EMB,73.0,EW,995.0,R,0.0,0.0,,,,,,,
2020,ELR,CS,ELRCS1216914WI,6.0,4,0.46,5.0,3.33,,GHW,101/14,169,2.5,1.5,267.0,2012.0,EMB,73.0,EW,995.0,R,35.0,129.0,,,,,,,
2021,ELR,CS,ELRCS1216914WI,6.0,0,0.0,4.2,2.86,3.33,GHW,101/14,169,2.5,1.5,267.0,2012.0,EMB,73.0,EW,995.0,R,19.0,0.0,,,,,,,
2022,ELR,CS,ELRCS1216914WI,6.0,4,0.0,4.0,3.17,2.86,GHW,101/14,169,2.5,1.5,267.0,2012.0,EMB,73.0,EW,995.0,R,23.0,110.0,,,,,,,
2023,ELR,CS,ELRCS1216914WI,6.0,5,0.0,3.3,2.88,3.17,GHW,101/14,169,2.5,1.5,267.0,2012.0,EMB,73.0,EW,995.0,R,16.0,0.0,,,,,,,
2024,ELR,CS,ELRCS1216914WI,6.0,4,0.0,3.0,2.18,2.88,GHW,101/14,169,2.5,1.5,267.0,2012.0,EMB,73.0,EW,995.0,R,17.0,0.0,,,,,,,
2025,ELR,CS,ELRCS1216914WI,6.0,4,0.0,3.0,2.58,2.18,GHW,101/14,169,2.5,1.5,267.0,2012.0,EMB,73.0,EW,995.0,R,0.0,0.0,,,,,,,
2020,ELR,CS,ELRCS12169P,16.5,4,0.0,12.0,13.11,,GHW,PAUL1103,169,2.5,1.5,267.0,2012.0,EMB,73.0,EW,998.0,R,28.0,0.0,,,,,,,
2021,ELR,CS,ELRCS12169P,16.5,0,0.0,13.2,15.48,13.11,GHW,PAUL1103,169,2.5,1.5,267.0,2012.0,EMB,73.0,EW,998.0,R,22.0,0.0,,,,,,,
2022,ELR,CS,ELRCS12169P,16.5,4,0.0,13.0,9.37,15.48,GHW,PAUL1103,169,2.5,1.5,267.0,2012.0,EMB,73.0,EW,998.0,R,18.0,0.0,,,,,,,
2023,ELR,CS,ELRCS12169P,16.5,4,0.0,8.3,6.37,9.37,GHW,PAUL1103,169,2.5,1.5,267.0,2012.0,EMB,73.0,EW,998.0,R,18.0,0.0,,,,,,,
2024,ELR,CS,ELRCS12169P,16.5,4,0.0,10.0,8.81,6.37,GHW,PAUL1103,169,2.5,1.5,267.0,2012.0,EMB,73.0,EW,998.0,R,17.0,0.0,,,,,,,
2025,ELR,CS,ELRCS12169P,16.5,4,0.0,11.0,9.68,8.81,GHW,PAUL1103,169,2.5,1.5,267.0,2012.0,EMB,73.0,EW,998.0,R,0.0,0.0,,,,,,,
2020,ELR,CS,ELRCS12169PF,0.0,0,0.34,0.0,0.0,,,,,,,,,,,,,,0.0,144.5,,,,,,,
2021,ELR,CS,ELRCS12169PF,0.0,0,0.0,0.0,0.0,0.0,,,,,,,,,,,,,0.0,0.0,,,,,,,
2022,ELR,CS,ELRCS12169PF,0.0,0,0.0,0.0,0.0,0.0,,,,,,,,,,,,,0.0,0.0,,,,,,,
2023,ELR,CS,ELRCS12169PF,0.0,0,0.0,0.0,0.0,0.0,,,,,,,,,,,,,0.0,0.0,,,,,,,
2024,ELR,CS,ELRCS12169PF,0.0,0,0.0,0.0,0.0,0.0,,,,,,,,,,,,,0.0,0.0,,,,,,,
2025,ELR,CS,ELRCS12169PF,0.0,0,0.0,0.0,0.0,0.0,,,,,,,,,,,,,0.0,0.0,,,,,,,
2024,ELR,CS,ELRCS12169PFOG1,0.0,0,0.0,0.0,0.0,,,,,,,,,,,,,,,,,,,,,,
2024,ELR,CS,ELRCS12169PFOG2,0.0,0,0.0,0.0,0.0,,,,,,,,,,,,,,,,,,,,,,
2025,ELR,CS,ELRCS12169PFOG2,0.0,0,0.0,0.0,0.0,0.0,,,,,,,,,,,,,,,,,,,,,
2020,ELR,CS,ELRCS12169PI,0.0,0,0.41,0.0,0.0,,,,,,,,,,,,,,0.0,164.0,,,,,,,
2021,ELR,CS,ELRCS12169PI,0.0,0,0.0,0.0,0.0,0.0,,,,,,,,,,,,,0.0,0.0,,,,,,,
2022,ELR,CS,ELRCS12169PI,0.0,0,0.0,0.0,0.0,0.0,,,,,,,,,,,,,0.0,110.0,,,,,,,
2023,ELR,CS,ELRCS12169PI,0.0,0,0.0,0.0,0.0,0.0,,,,,,,,,,,,,0.0,0.0,,,,,,,
2024,ELR,CS,ELRCS12169PI,0.0,0,0.0,0.0,0.0,0.0,,,,,,,,,,,,,0.0,0.0,,,,,,,
2025,ELR,CS,ELRCS12169PI,0.0,0,0.0,0.0,0.0,0.0,,,,,,,,,,,,,0.0,0.0,,,,,,,
2020,ELR,CS,ELRCS12169R,14.8,4,0.41,15.0,14.44,,GHW,R110,169,2.5,1.5,267.0,2012.0,EMB,73.0,EW,992.0,R,35.0,136.0,,,,,,,
2021,ELR,CS,ELRCS12169R,14.8,0,0.0,13.32,13.84,14.44,GHW,R110,169,2.5,1.5,267.0,2012.0,EMB,73.0,EW,992.0,R,20.0,0.0,,,,,,,
2022,ELR,CS,ELRCS12169R,14.8,4,0.0,13.0,10.65,13.84,GHW,R110,169,2.5,1.5,267.0,2012.0,EMB,73.0,EW,992.0,R,26.0,118.0,,,,,,,
2023,ELR,CS,ELRCS12169R,14.8,4,0.0,13.3,8.41,10.65,GHW,R110,169,2.5,1.5,267.0,2012.0,EMB,73.0,EW,992.0,R,19.0,0.0,,,,,,,
2024,ELR,CS,ELRCS12169R,14.8,4,0.0,9.0,7.5,8.41,GHW,R110,169,2.5,1.5,267.0,2012.0,EMB,73.0,EW,992.0,R,18.0,0.0,,,,,,,
2025,ELR,CS,ELRCS12169R,14.8,4,0.0,10.0,7.12,7.5,GHW,R110,169,2.5,1.5,267.0,2012.0,EMB,73.0,EW,992.0,R,0.0,0.0,,,,,,,
2020,ELR,CS,ELRCS16412S,20.3,4,0.24,8.0,8.09,,GHW,SO4,412,2.5,1.5,267.0,2016.0,ELR,105.0,EW,1080.0,R,0.0,121.0,18.925081433224754,9.91172638436482,1.5264495114006515,797.0,2222.0,865.71335504886,-1289.0
2021,ELR,CS,ELRCS16412S,20.3,0,0.0,13.2,15.56,8.09,GHW,SO4,412,2.5,1.5,267.0,2016.0,ELR,105.0,EW,1080.0,R,22.0,0.0,21.06231884057971,10.617101449275362,1.6642898550724636,732.4,2408.0,884.304347826087,-1614.0
2022,ELR,CS,ELRCS16412S,20.3,4,0.0,20.0,17.34,15.56,GHW,SO4,412,2.5,1.5,267.0,2016.0,ELR,105.0,EW,1080.0,R,27.0,116.0,20.49890410958904,10.183287671232877,1.6017534246575342,734.2,2227.0,895.1342465753424,-1345.0
2023,ELR,CS,ELRCS16412S,20.3,4,0.0,11.7,12.9,17.34,GHW,SO4,412,2.5,1.5,267.0,2016.0,ELR,105.0,EW,1080.0,R,17.0,0.0,18.479726027397263,9.267397260273972,1.449972602739726,797.7,2218.0,780.4904109589041,-1208.0
2024,ELR,CS,ELRCS16412S,20.3,4,0.0,16.0,11.62,12.9,GHW,SO4,412,2.5,1.5,267.0,2016.0,ELR,105.0,EW,1080.0,R,18.0,0.0,21.237260273972602,11.018904109589041,1.6198356164383563,649.9,2328.0,900.8027397260274,-1951.0
2025,ELR,CS,ELRCS16412S,20.3,4,0.0,16.0,15.52,11.62,GHW,SO4,412,2.5,1.5,267.0,2016.0,ELR,105.0,EW,1080.0,R,0.0,0.0,21.89123287671233,10.42986301369863,1.8915616438356164,364.9,2321.0,882.9041095890411,-1874.0
2023,ELR,CS,ELRCS23412RE,10.7,0,0.0,0.0,0.0,,GHW,R110,412,2.5,1.5,267.0,2023.0,BRN,25.0,NS,1080.0,R,0.0,0.0,,,,,,,
2024,ELR,CS,ELRCS23412RE,10.7,0,0.0,0.0,0.0,0.0,GHW,R110,412,2.5,1.5,267.0,2023.0,BRN,25.0,NS,1080.0,R,0.0,0.0,,,,,,,
2025,ELR,CS,ELRCS23412RE,10.7,0,0.0,0.0,0.0,0.0,GHW,R110,412,2.5,1.5,267.0,2023.0,BRN,25.0,NS,1080.0,R,0.0,0.0,,,,,,,
2023,ELR,CS,ELRCS23412RP,6.8,0,0.0,0.0,0.0,,GHW,RIP,412,2.5,1.2,333.0,2023.0,BRN,90.0,EW,1024.0,R,0.0,0.0,,,,,,,
2024,ELR,CS,ELRCS23412RP,6.8,0,0.0,0.0,0.0,0.0,GHW,RIP,412,2.5,1.2,333.0,2023.0,BRN,90.0,EW,1024.0,R,0.0,0.0,,,,,,,
2025,ELR,CS,ELRCS23412RP,6.8,0,0.0,0.0,0.0,0.0,GHW,RIP,412,2.5,1.2,333.0,2023.0,BRN,90.0,EW,1024.0,R,0.0,0.0,,,,,,,
2023,ELR,CS,ELRCS23412RW,9.85,0,0.0,0.0,0.0,,GHW,R110,412,2.5,1.5,267.0,2023.0,BRN,25.0,NS,1080.0,R,0.0,0.0,,,,,,,
2024,ELR,CS,ELRCS23412RW,9.85,0,0.0,0.0,0.0,0.0,GHW,R110,412,2.5,1.5,267.0,2023.0,BRN,25.0,NS,1080.0,R,0.0,0.0,,,,,,,
2025,ELR,CS,ELRCS23412RW,9.85,0,0.0,0.0,0.0,0.0,GHW,R110,412,2.5,1.5,267.0,2023.0,BRN,25.0,NS,1080.0,R,0.0,0.0,,,,,,,
2020,ENZ,CS,ENZCS0422,26.7,3,0.27,39.0,26.11,,GHW,,22,3.0,1.5,222.0,2004.0,ENZ,5.0,NS,950.0,R,37.0,111.0,,,,,,,
2021,ENZ,CS,ENZCS0422,26.7,0,0.0,26.49,24.62,26.11,GHW,,22,3.0,1.5,222.0,2004.0,ENZ,5.0,NS,950.0,R,29.0,134.0,,,,,,,
2022,ENZ,CS,ENZCS0422,26.7,4,0.0,23.0,21.88,24.62,GHW,,22,3.0,1.5,222.0,2004.0,ENZ,5.0,NS,950.0,R,27.0,88.0,,,,,,,
2023,ENZ,CS,ENZCS0422,26.7,4,0.0,25.0,20.76,21.88,GHW,,22,3.0,1.5,222.0,2004.0,ENZ,5.0,NS,950.0,R,21.0,0.0,,,,,,,
2024,ENZ,CS,ENZCS0422,26.7,4,0.0,23.0,20.04,20.76,GHW,,22,3.0,1.5,222.0,2004.0,ENZ,5.0,NS,950.0,R,25.0,0.0,,,,,,,
2025,ENZ,CS,ENZCS0422,26.7,4,0.0,20.0,16.18,20.04,GHW,,22,3.0,1.5,222.0,2004.0,ENZ,5.0,NS,950.0,R,0.0,0.0,,,,,,,
2020,ENZ,CS,ENZCS0423,26.6,3,0.28,35.0,24.13,,GHW,,23,3.0,1.5,222.0,2004.0,ENZ,5.0,NS,950.0,R,35.0,121.0,,,,,,,
2021,ENZ,CS,ENZCS0423,26.6,0,0.0,26.58,17.32,24.13,GHW,,23,3.0,1.5,222.0,2004.0,ENZ,5.0,NS,950.0,R,29.0,0.0,,,,,,,
2022,ENZ,CS,ENZCS0423,26.6,4,0.0,20.0,22.84,17.32,GHW,,23,3.0,1.5,222.0,2004.0,ENZ,5.0,NS,950.0,R,26.0,89.0,,,,,,,
2023,ENZ,CS,ENZCS0423,26.6,4,0.0,23.2,21.36,22.84,GHW,,23,3.0,1.5,222.0,2004.0,ENZ,5.0,NS,950.0,R,19.0,0.0,,,,,,,
2024,ENZ,CS,ENZCS0423,26.6,4,0.0,21.0,17.56,21.36,GHW,,23,3.0,1.5,222.0,2004.0,ENZ,5.0,NS,950.0,R,18.0,0.0,,,,,,,
2025,ENZ,CS,ENZCS0423,26.6,4,0.0,17.0,16.76,17.56,GHW,,23,3.0,1.5,222.0,2004.0,ENZ,5.0,NS,950.0,R,0.0,0.0,,,,,,,
2020,ENZ,CS,ENZCS06N,13.6,4,0.29,14.0,14.8,,GHW,101/14,GOLAN,3.0,1.5,222.0,2006.0,ENZ,65.0,EW,960.0,R,37.0,109.0,,,,,,,
2021,ENZ,CS,ENZCS06N,13.6,0,0.0,12.82,13.27,14.8,GHW,101/14,GOLAN,3.0,1.5,222.0,2006.0,ENZ,65.0,EW,960.0,R,36.0,0.0,,,,,,,
2022,ENZ,CS,ENZCS06N,13.6,4,0.0,12.0,9.66,13.27,GHW,101/14,GOLAN,3.0,1.5,222.0,2006.0,ENZ,65.0,EW,960.0,R,32.0,76.0,,,,,,,
2023,ENZ,CS,ENZCS06N,13.6,4,0.0,12.0,8.64,9.66,GHW,101/14,GOLAN,3.0,1.5,222.0,2006.0,ENZ,65.0,EW,960.0,R,21.0,0.0,,,,,,,
2024,ENZ,CS,ENZCS06N,13.6,4,0.0,12.0,6.96,8.64,GHW,101/14,GOLAN,3.0,1.5,222.0,2006.0,ENZ,65.0,EW,960.0,R,23.0,0.0,,,,,,,
2025,ENZ,CS,ENZCS06N,13.6,4,0.0,8.0,7.86,6.96,GHW,101/14,GOLAN,3.0,1.5,222.0,2006.0,ENZ,65.0,EW,960.0,R,0.0,0.0,,,,,,,
2020,ENZ,CS,ENZCS06S,15.6,4,0.28,12.0,11.91,,GHW,101/14,GOLAN,3.0,1.5,222.0,2006.0,ENZ,65.0,EW,960.0,R,36.0,101.0,,,,,,,
2021,ENZ,CS,ENZCS06S,15.6,0,0.0,13.71,13.67,11.91,GHW,101/14,GOLAN,3.0,1.5,222.0,2006.0,ENZ,65.0,EW,960.0,R,37.0,110.0,,,,,,,
2022,ENZ,CS,ENZCS06S,15.6,4,0.0,12.0,9.42,13.67,GHW,101/14,GOLAN,3.0,1.5,222.0,2006.0,ENZ,65.0,EW,960.0,R,26.0,95.0,,,,,,,
2023,ENZ,CS,ENZCS06S,15.6,4,0.0,10.8,8.22,9.42,GHW,101/14,GOLAN,3.0,1.5,222.0,2006.0,ENZ,65.0,EW,960.0,R,20.0,0.0,,,,,,,
2024,ENZ,CS,ENZCS06S,15.6,4,0.0,11.0,7.7,8.22,GHW,101/14,GOLAN,3.0,1.5,222.0,2006.0,ENZ,65.0,EW,960.0,R,22.0,0.0,,,,,,,
2025,ENZ,CS,ENZCS06S,15.6,4,0.0,11.0,7.9,7.7,GHW,101/14,GOLAN,3.0,1.5,222.0,2006.0,ENZ,65.0,EW,960.0,R,0.0,0.0,,,,,,,
2020,ENZ,CS,ENZCS06W,17.6,4,0.29,16.0,10.67,,GHW,101/14,GOLAN,3.0,1.5,222.0,2006.0,ENZ,65.0,EW,960.0,R,40.0,117.0,,,,,,,
2021,ENZ,CS,ENZCS06W,17.6,0,0.0,12.97,13.57,10.67,GHW,101/14,GOLAN,3.0,1.5,222.0,2006.0,ENZ,65.0,EW,960.0,R,35.0,0.0,,,,,,,
2022,ENZ,CS,ENZCS06W,17.6,4,0.0,12.0,12.76,13.57,GHW,101/14,GOLAN,3.0,1.5,222.0,2006.0,ENZ,65.0,EW,960.0,R,31.0,95.0,,,,,,,
2023,ENZ,CS,ENZCS06W,17.6,4,0.0,12.1,13.0,12.76,GHW,101/14,GOLAN,3.0,1.5,222.0,2006.0,ENZ,65.0,EW,960.0,R,20.0,0.0,,,,,,,
2024,ENZ,CS,ENZCS06W,17.6,4,0.0,13.0,11.82,13.0,GHW,101/14,GOLAN,3.0,1.5,222.0,2006.0,ENZ,65.0,EW,960.0,R,29.0,0.0,,,,,,,
2025,ENZ,CS,ENZCS06W,17.6,4,0.0,11.0,10.84,11.82,GHW,101/14,GOLAN,3.0,1.5,222.0,2006.0,ENZ,65.0,EW,960.0,R,0.0,0.0,,,,,,,
2020,ENZ,CS,ENZCS09338SE,9.0,4,0.33,12.0,12.54,,GHW,SO4,338,3.0,1.5,222.0,2009.0,ENZ,62.0,EW,957.0,R,38.0,139.0,,,,,,,
2021,ENZ,CS,ENZCS09338SE,9.0,0,0.0,11.7,11.29,12.54,GHW,SO4,338,3.0,1.5,222.0,2009.0,ENZ,62.0,EW,957.0,R,66.0,182.0,,,,,,,
2022,ENZ,CS,ENZCS09338SE,9.0,4,0.0,11.0,11.12,11.29,GHW,SO4,338,3.0,1.5,222.0,2009.0,ENZ,62.0,EW,957.0,R,30.0,117.0,,,,,,,
2023,ENZ,CS,ENZCS09338SE,9.0,4,0.0,11.2,6.82,11.12,GHW,SO4,338,3.0,1.5,222.0,2009.0,ENZ,62.0,EW,957.0,R,20.0,0.0,,,,,,,
2024,ENZ,CS,ENZCS09338SE,9.0,4,0.0,12.0,8.3,6.82,GHW,SO4,338,3.0,1.5,222.0,2009.0,ENZ,62.0,EW,957.0,R,25.0,0.0,,,,,,,
2025,ENZ,CS,ENZCS09338SE,9.0,4,0.0,8.0,8.28,8.3,GHW,SO4,338,3.0,1.5,222.0,2009.0,ENZ,62.0,EW,957.0,R,0.0,0.0,,,,,,,
2020,ENZ,CS,ENZCS09338SW,15.6,4,0.0,22.0,21.15,,GHW,SO4,338,3.0,1.5,222.0,2009.0,ENZ,62.0,EW,957.0,R,39.0,0.0,,,,,,,
2021,ENZ,CS,ENZCS09338SW,15.6,0,0.0,18.94,20.75,21.15,GHW,SO4,338,3.0,1.5,222.0,2009.0,ENZ,62.0,EW,957.0,R,33.0,0.0,,,,,,,
2022,ENZ,CS,ENZCS09338SW,15.6,0,0.0,19.0,17.76,20.75,GHW,SO4,338,3.0,1.5,222.0,2009.0,ENZ,62.0,EW,957.0,R,28.0,0.0,,,,,,,
2023,ENZ,CS,ENZCS09338SW,15.6,4,0.0,19.2,12.26,17.76,GHW,SO4,338,3.0,1.5,222.0,2009.0,ENZ,62.0,EW,957.0,R,22.0,0.0,,,,,,,
2024,ENZ,CS,ENZCS09338SW,15.6,4,0.0,20.0,16.6,12.26,GHW,SO4,338,3.0,1.5,222.0,2009.0,ENZ,62.0,EW,957.0,R,27.0,0.0,,,,,,,
2025,ENZ,CS,ENZCS09338SW,15.6,4,0.0,14.0,11.44,16.6,GHW,SO4,338,3.0,1.5,222.0,2009.0,ENZ,62.0,EW,957.0,R,0.0,0.0,,,,,,,
2020,ENZ,CS,ENZCS09338SWF,0.0,0,0.34,0.0,0.0,,,,,,,,,,,,,,0.0,160.0,,,,,,,
2021,ENZ,CS,ENZCS09338SWF,0.0,0,0.0,0.0,0.0,0.0,,,,,,,,,,,,,0.0,0.0,,,,,,,
2022,ENZ,CS,ENZCS09338SWF,0.0,4,0.0,0.0,0.0,0.0,,,,,,,,,,,,,0.0,100.0,,,,,,,
2023,ENZ,CS,ENZCS09338SWF,0.0,0,0.0,0.0,0.0,0.0,,,,,,,,,,,,,0.0,0.0,,,,,,,
2024,ENZ,CS,ENZCS09338SWF,0.0,0,0.0,0.0,0.0,0.0,,,,,,,,,,,,,0.0,0.0,,,,,,,
2025,ENZ,CS,ENZCS09338SWF,0.0,0,0.0,0.0,0.0,0.0,,,,,,,,,,,,,0.0,0.0,,,,,,,
2020,ENZ,CS,ENZCS09338SWI,0.0,0,0.34,0.0,0.0,,,,,,,,,,,,,,0.0,0.0,,,,,,,
2021,ENZ,CS,ENZCS09338SWI,0.0,0,0.0,0.0,0.0,0.0,,,,,,,,,,,,,0.0,0.0,,,,,,,
2022,ENZ,CS,ENZCS09338SWI,0.0,0,0.0,0.0,0.0,0.0,,,,,,,,,,,,,0.0,130.0,,,,,,,
2023,ENZ,CS,ENZCS09338SWI,0.0,0,0.0,0.0,0.0,0.0,,,,,,,,,,,,,0.0,0.0,,,,,,,
2024,ENZ,CS,ENZCS09338SWI,0.0,0,0.0,0.0,0.0,0.0,,,,,,,,,,,,,0.0,0.0,,,,,,,
2025,ENZ,CS,ENZCS09338SWI,0.0,0,0.0,0.0,0.0,0.0,,,,,,,,,,,,,0.0,0.0,,,,,,,
2020,ENZ,CS,ENZCS1906S,7.0,0,0.0,0.0,0.0,,GHW,SO4,06,2.5,1.5,267.0,2019.0,ENZ,112.0,EW,964.0,R,0.0,0.0,,,,,,,
2021,ENZ,CS,ENZCS1906S,7.0,0,0.0,0.0,0.0,0.0,GHW,SO4,06,2.5,1.5,267.0,2019.0,ENZ,112.0,EW,964.0,R,0.0,0.0,,,,,,,
2022,ENZ,CS,ENZCS1906S,7.0,0,0.0,4.0,2.99,0.0,GHW,SO4,06,2.5,1.5,267.0,2019.0,ENZ,112.0,EW,964.0,R,0.0,90.0,,,,,,,
2023,ENZ,CS,ENZCS1906S,7.0,4,0.0,3.0,3.1,2.99,GHW,SO4,06,2.5,1.5,267.0,2019.0,ENZ,112.0,EW,964.0,R,0.0,0.0,,,,,,,
2024,ENZ,CS,ENZCS1906S,7.0,4,0.0,5.0,4.88,3.1,GHW,SO4,06,2.5,1.5,267.0,2019.0,ENZ,112.0,EW,964.0,R,25.0,0.0,,,,,,,
2025,ENZ,CS,ENZCS1906S,7.0,4,0.0,5.0,4.62,4.88,GHW,SO4,06,2.5,1.5,267.0,2019.0,ENZ,112.0,EW,964.0,R,0.0,0.0,,,,,,,
2020,ENZ,CS,ENZCS19412R,7.33,0,0.0,0.0,0.0,,,,,,,,,,,,,,,,,,,,,,
2021,ENZ,CS,ENZCS19412R,7.33,0,0.0,0.0,0.0,0.0,,,,,,,,,,,,,,,,,,,,,
2022,ENZ,CS,ENZCS19412R,7.33,0,0.0,0.0,0.0,0.0,,,,,,,,,,,,,,,,,,,,,
2020,ENZ,CS,ENZCS19412RE,7.27,0,0.0,0.0,0.0,,GHW,R110,412,2.5,1.5,267.0,2019.0,ENZ,112.0,EW,963.0,R,0.0,0.0,,,,,,,
2021,ENZ,CS,ENZCS19412RE,7.27,0,0.0,0.0,0.0,0.0,GHW,R110,412,2.5,1.5,267.0,2019.0,ENZ,112.0,EW,963.0,R,0.0,0.0,,,,,,,
2022,ENZ,CS,ENZCS19412RE,7.27,0,0.0,4.0,2.06,0.0,GHW,R110,412,2.5,1.5,267.0,2019.0,ENZ,112.0,EW,963.0,R,0.0,101.0,,,,,,,
2023,ENZ,CS,ENZCS19412RE,7.27,4,0.0,2.1,3.06,2.06,GHW,R110,412,2.5,1.5,267.0,2019.0,ENZ,112.0,EW,963.0,R,0.0,0.0,,,,,,,
2024,ENZ,CS,ENZCS19412RE,7.27,4,0.0,5.0,4.94,3.06,GHW,R110,412,2.5,1.5,267.0,2019.0,ENZ,112.0,EW,963.0,R,17.0,0.0,,,,,,,
2025,ENZ,CS,ENZCS19412RE,7.27,4,0.0,5.0,4.94,4.94,GHW,R110,412,2.5,1.5,267.0,2019.0,ENZ,112.0,EW,963.0,R,0.0,0.0,,,,,,,
2020,ENZ,CS,ENZCS19412RW,10.61,0,0.0,0.0,0.0,,GHW,R110,412,2.5,1.5,267.0,2019.0,ENZ,112.0,EW,960.0,R,0.0,0.0,,,,,,,
2021,ENZ,CS,ENZCS19412RW,10.61,0,0.0,0.0,0.0,0.0,GHW,R110,412,2.5,1.5,267.0,2019.0,ENZ,112.0,EW,960.0,R,0.0,0.0,,,,,,,
2022,ENZ,CS,ENZCS19412RW,10.61,0,0.0,2.0,4.5,0.0,GHW,R110,412,2.5,1.5,267.0,2019.0,ENZ,112.0,EW,960.0,R,19.0,104.0,,,,,,,
2023,ENZ,CS,ENZCS19412RW,10.61,4,0.0,4.5,2.66,4.5,GHW,R110,412,2.5,1.5,267.0,2019.0,ENZ,112.0,EW,960.0,R,0.0,0.0,,,,,,,
2024,ENZ,CS,ENZCS19412RW,10.61,4,0.0,7.0,9.2,2.66,GHW,R110,412,2.5,1.5,267.0,2019.0,ENZ,112.0,EW,960.0,R,0.0,0.0,,,,,,,
2025,ENZ,CS,ENZCS19412RW,10.61,4,0.0,8.0,10.28,9.2,GHW,R110,412,2.5,1.5,267.0,2019.0,ENZ,112.0,EW,960.0,R,0.0,0.0,,,,,,,
2023,ENZ,CS,ENZCS23412SE,9.0,0,0.0,0.0,0.0,,GHW,SO4,412,3.0,1.5,222.0,2023.0,ENZ,33.0,NS,965.0,R,0.0,0.0,,,,,,,
2024,ENZ,CS,ENZCS23412SE,9.0,0,0.0,0.0,0.0,0.0,GHW,SO4,412,3.0,1.5,222.0,2023.0,ENZ,33.0,NS,965.0,R,0.0,0.0,,,,,,,
2025,ENZ,CS,ENZCS23412SE,9.0,0,0.0,0.0,0.0,0.0,GHW,SO4,412,3.0,1.5,222.0,2023.0,ENZ,33.0,NS,965.0,R,0.0,0.0,,,,,,,
2023,ENZ,CS,ENZCS23412SW,9.14,0,0.0,0.0,0.0,,GHW,SO4,412,3.0,1.5,222.0,2023.0,ENZ,33.0,NS,970.0,R,0.0,0.0,,,,,,,
2024,ENZ,CS,ENZCS23412SW,9.14,0,0.0,0.0,0.0,0.0,GHW,SO4,412,3.0,1.5,222.0,2023.0,ENZ,33.0,NS,970.0,R,0.0,0.0,,,,,,,
2025,ENZ,CS,ENZCS23412SW,9.14,0,0.0,0.0,0.0,0.0,GHW,SO4,412,3.0,1.5,222.0,2023.0,ENZ,33.0,NS,970.0,R,0.0,0.0,,,,,,,
2020,RMM,CS,RMMCS20338SOM,13.1,0,0.0,0.0,0.0,,GHW,SO4,338,3.0,1.5,222.0,2020.0,RMM,55.0,NESW,410.0,R,0.0,0.0,26.942019543973945,14.161237785016286,2.396319218241042,459.3,3142.0,1227.6514657980456,-3853.0
2021,RMM,CS,RMMCS20338SOM,13.1,0,0.0,0.0,0.0,0.0,GHW,SO4,338,3.0,1.5,222.0,2020.0,RMM,55.0,NESW,410.0,R,0.0,0.0,26.361159420289855,13.347246376811595,2.2861159420289856,398.3,3586.0,873.7797101449275,-4057.0
2022,RMM,CS,RMMCS20338SOM,13.1,0,0.0,0.0,0.0,0.0,GHW,SO4,338,3.0,1.5,222.0,2020.0,RMM,55.0,NESW,410.0,R,0.0,0.0,25.703835616438354,12.902191780821918,2.1288493150684933,441.4,3005.0,868.5068493150685,-3980.0
2023,RMM,CS,RMMCS20338SOM,13.1,3,0.0,10.5,9.46,0.0,GHW,SO4,338,3.0,1.5,222.0,2020.0,RMM,55.0,NESW,410.0,R,17.0,0.0,26.641917808219176,13.72082191780822,2.2706027397260273,623.6,3113.0,872.1178082191781,-4560.0
2024,RMM,CS,RMMCS20338SOM,13.1,2,0.0,12.0,11.72,9.46,GHW,SO4,338,3.0,1.5,222.0,2020.0,RMM,55.0,NESW,410.0,R,25.0,0.0,26.23633879781421,13.641530054644809,2.1353551912568305,506.9,3173.0,861.6010928961749,-4482.0
2025,RMM,CS,RMMCS20338SOM,13.1,2,0.0,13.0,8.06,11.72,GHW,SO4,338,3.0,1.5,222.0,2020.0,RMM,55.0,NESW,410.0,R,0.0,0.0,27.848219178082193,13.033698630136987,2.5629315068493153,198.2,3184.0,848.0931506849315,-4430.0
2020,RMM,CS,RMMCS20338SON,11.6,0,0.0,0.0,0.0,,GHW,SO4,338,3.0,1.5,222.0,2020.0,RMM,55.0,NESW,410.0,R,0.0,0.0,26.942019543973945,14.161237785016286,2.396319218241042,459.3,3142.0,1227.6514657980456,-3853.0
2021,RMM,CS,RMMCS20338SON,11.6,0,0.0,0.0,0.0,0.0,GHW,SO4,338,3.0,1.5,222.0,2020.0,RMM,55.0,NESW,410.0,R,0.0,0.0,26.361159420289855,13.347246376811595,2.2861159420289856,398.3,3586.0,873.7797101449275,-4057.0
2022,RMM,CS,RMMCS20338SON,11.6,0,0.0,0.0,0.0,0.0,GHW,SO4,338,3.0,1.5,222.0,2020.0,RMM,55.0,NESW,410.0,R,0.0,0.0,25.703835616438354,12.902191780821918,2.1288493150684933,441.4,3005.0,868.5068493150685,-3980.0
2023,RMM,CS,RMMCS20338SON,11.6,3,0.0,7.0,7.82,0.0,GHW,SO4,338,3.0,1.5,222.0,2020.0,RMM,55.0,NESW,410.0,R,0.0,0.0,26.641917808219176,13.72082191780822,2.2706027397260273,623.6,3113.0,872.1178082191781,-4560.0
2024,RMM,CS,RMMCS20338SON,11.6,2,0.0,10.5,7.72,7.82,GHW,SO4,338,3.0,1.5,222.0,2020.0,RMM,55.0,NESW,410.0,R,26.0,0.0,26.23633879781421,13.641530054644809,2.1353551912568305,506.9,3173.0,861.6010928961749,-4482.0
2025,RMM,CS,RMMCS20338SON,11.6,2,0.0,12.0,7.92,7.72,GHW,SO4,338,3.0,1.5,222.0,2020.0,RMM,55.0,NESW,410.0,R,0.0,0.0,27.848219178082193,13.033698630136987,2.5629315068493153,198.2,3184.0,848.0931506849315,-4430.0
2020,RMM,CS,RMMCS20338SOSE,15.53,0,0.0,0.0,0.0,,GHW,SO4,338,3.0,1.5,222.0,2020.0,RMM,55.0,NESW,410.0,R,0.0,0.0,26.942019543973945,14.161237785016286,2.396319218241042,459.3,3142.0,1227.6514657980456,-3853.0
2021,RMM,CS,RMMCS20338SOSE,15.53,0,0.0,0.0,0.0,0.0,GHW,SO4,338,3.0,1.5,222.0,2020.0,RMM,55.0,NESW,410.0,R,0.0,0.0,26.361159420289855,13.347246376811595,2.2861159420289856,398.3,3586.0,873.7797101449275,-4057.0
2022,RMM,CS,RMMCS20338SOSE,15.53,0,0.0,0.0,0.0,0.0,GHW,SO4,338,3.0,1.5,222.0,2020.0,RMM,55.0,NESW,410.0,R,0.0,0.0,25.703835616438354,12.902191780821918,2.1288493150684933,441.4,3005.0,868.5068493150685,-3980.0
2023,RMM,CS,RMMCS20338SOSE,15.53,3,0.0,12.4,9.28,0.0,GHW,SO4,338,3.0,1.5,222.0,2020.0,RMM,55.0,NESW,410.0,R,16.0,0.0,26.641917808219176,13.72082191780822,2.2706027397260273,623.6,3113.0,872.1178082191781,-4560.0
2024,RMM,CS,RMMCS20338SOSE,15.53,3,0.0,14.0,13.02,9.28,GHW,SO4,338,3.0,1.5,222.0,2020.0,RMM,55.0,NESW,410.0,R,25.0,0.0,26.23633879781421,13.641530054644809,2.1353551912568305,506.9,3173.0,861.6010928961749,-4482.0
2025,RMM,CS,RMMCS20338SOSE,15.53,2,0.0,14.0,7.74,13.02,GHW,SO4,338,3.0,1.5,222.0,2020.0,RMM,55.0,NESW,410.0,R,0.0,0.0,27.848219178082193,13.033698630136987,2.5629315068493153,198.2,3184.0,848.0931506849315,-4430.0
2020,RMM,CS,RMMCS20338SOSW,13.76,0,0.0,0.0,0.0,,GHW,SO4,338,3.0,1.5,222.0,2020.0,RMM,55.0,NESW,410.0,R,0.0,0.0,26.942019543973945,14.161237785016286,2.396319218241042,459.3,3142.0,1227.6514657980456,-3853.0
2021,RMM,CS,RMMCS20338SOSW,13.76,0,0.0,0.0,0.0,0.0,GHW,SO4,338,3.0,1.5,222.0,2020.0,RMM,55.0,NESW,410.0,R,0.0,0.0,26.361159420289855,13.347246376811595,2.2861159420289856,398.3,3586.0,873.7797101449275,-4057.0
2022,RMM,CS,RMMCS20338SOSW,13.76,0,0.0,0.0,0.0,0.0,GHW,SO4,338,3.0,1.5,222.0,2020.0,RMM,55.0,NESW,410.0,R,0.0,0.0,25.703835616438354,12.902191780821918,2.1288493150684933,441.4,3005.0,868.5068493150685,-3980.0
2023,RMM,CS,RMMCS20338SOSW,13.76,3,0.0,11.0,8.62,0.0,GHW,SO4,338,3.0,1.5,222.0,2020.0,RMM,55.0,NESW,410.0,R,14.0,0.0,26.641917808219176,13.72082191780822,2.2706027397260273,623.6,3113.0,872.1178082191781,-4560.0
2024,RMM,CS,RMMCS20338SOSW,13.76,3,0.0,12.5,10.22,8.62,GHW,SO4,338,3.0,1.5,222.0,2020.0,RMM,55.0,NESW,410.0,R,28.0,0.0,26.23633879781421,13.641530054644809,2.1353551912568305,506.9,3173.0,861.6010928961749,-4482.0
2025,RMM,CS,RMMCS20338SOSW,13.76,2,0.0,12.0,8.26,10.22,GHW,SO4,338,3.0,1.5,222.0,2020.0,RMM,55.0,NESW,410.0,R,0.0,0.0,27.848219178082193,13.033698630136987,2.5629315068493153,198.2,3184.0,848.0931506849315,-4430.0
2021,RMM,CS,RMMCS21338S,16.3,0,0.0,0.0,0.0,,GHW,SO4,338,3.0,1.5,222.0,2021.0,RMM,57.0,NESW,415.0,R,0.0,0.0,26.361159420289855,13.347246376811595,2.2861159420289856,398.3,3586.0,873.7797101449275,-4057.0
2022,RMM,CS,RMMCS21338S,16.3,0,0.0,0.0,0.0,0.0,GHW,SO4,338,3.0,1.5,222.0,2021.0,RMM,57.0,NESW,415.0,R,0.0,0.0,25.703835616438354,12.902191780821918,2.1288493150684933,441.4,3005.0,868.5068493150685,-3980.0
2023,RMM,CS,RMMCS21338S,16.3,0,0.0,0.0,0.0,0.0,GHW,SO4,338,3.0,1.5,222.0,2021.0,RMM,57.0,NESW,415.0,R,0.0,0.0,26.641917808219176,13.72082191780822,2.2706027397260273,623.6,3113.0,872.1178082191781,-4560.0
2024,RMM,CS,RMMCS21338S,16.3,1,0.0,14.5,15.74,0.0,GHW,SO4,338,3.0,1.5,222.0,2021.0,RMM,57.0,NESW,415.0,R,0.0,0.0,26.23633879781421,13.641530054644809,2.1353551912568305,506.9,3173.0,861.6010928961749,-4482.0
2025,RMM,CS,RMMCS21338S,16.3,2,0.0,18.0,11.98,15.74,GHW,SO4,338,3.0,1.5,222.0,2021.0,RMM,57.0,NESW,415.0,R,0.0,0.0,27.848219178082193,13.033698630136987,2.5629315068493153,198.2,3184.0,848.0931506849315,-4430.0
2024,RMM,CS,RMMCS21GREEN,0.0,0,0.0,0.0,0.0,,GHW,SO4,338,3.0,1.5,222.0,2021.0,RMM,56.0,NESW,415.0,R,,,26.23633879781421,13.641530054644809,2.1353551912568305,506.9,3173.0,861.6010928961749,-4482.0
2025,RMM,CS,RMMCS21GREEN,0.0,0,0.0,0.0,0.0,0.0,GHW,SO4,338,3.0,1.5,222.0,2021.0,RMM,56.0,NESW,415.0,R,,,27.848219178082193,13.033698630136987,2.5629315068493153,198.2,3184.0,848.0931506849315,-4430.0
2024,RMM,CS,RMMCS21YELLOW,0.0,0,0.0,0.0,0.0,,GHW,SO4,338,3.0,1.5,222.0,2021.0,RMM,56.0,NESW,415.0,R,,,26.23633879781421,13.641530054644809,2.1353551912568305,506.9,3173.0,861.6010928961749,-4482.0
2025,RMM,CS,RMMCS21YELLOW,0.0,0,0.0,0.0,0.0,0.0,GHW,SO4,338,3.0,1.5,222.0,2021.0,RMM,56.0,NESW,415.0,R,,,27.848219178082193,13.033698630136987,2.5629315068493153,198.2,3184.0,848.0931506849315,-4430.0
2020,RMM,CS,TLFCS05M,19.0,3,0.31,20.0,12.68,,GHW,PAUL1103,22,3.0,1.5,222.0,2005.0,YNT,150.0,NS,780.0,R,33.0,116.0,24.572638436482084,12.866449511400651,2.2133224755700325,600.8,2728.0,933.472312703583,-2849.0
2021,RMM,CS,TLFCS05M,19.0,0,0.0,11.23,14.67,12.68,GHW,PAUL1103,22,3.0,1.5,222.0,2005.0,YNT,150.0,NS,780.0,R,23.0,0.0,23.774202898550726,12.006956521739129,2.089246376811594,531.6,2929.0,856.5159420289855,-2773.0
2022,RMM,CS,TLFCS05M,19.0,2,0.0,10.0,15.54,14.67,GHW,PAUL1103,22,3.0,1.5,222.0,2005.0,YNT,150.0,NS,780.0,R,20.0,92.0,22.993972602739724,11.737260273972604,1.931945205479452,565.6,2547.0,853.5013698630137,-2638.0
2023,RMM,CS,TLFCS05M,19.0,2,0.0,14.3,12.72,15.54,GHW,PAUL1103,22,3.0,1.5,222.0,2005.0,YNT,150.0,NS,780.0,R,17.0,0.0,23.792876712328766,12.633150684931508,2.0255068493150685,702.4,2625.0,840.6630136986302,-3216.0
2024,RMM,CS,TLFCS05M,19.0,2,0.0,14.0,9.9,12.72,GHW,PAUL1103,22,3.0,1.5,222.0,2005.0,YNT,150.0,NS,780.0,R,13.0,0.0,23.59535519125683,12.800819672131148,1.9520218579234971,662.6,2680.0,826.1639344262295,-3168.0
2025,RMM,CS,TLFCS05M,19.0,4,0.0,17.0,8.04,9.9,GHW,PAUL1103,22,3.0,1.5,222.0,2005.0,YNT,150.0,NS,780.0,R,0.0,0.0,24.061643835616437,12.527397260273972,2.161808219178082,233.6,2670.0,798.613698630137,-3325.0
2020,RMM,CS,TLFCS05N,12.9,3,0.27,14.0,8.97,,GHW,PAUL1103,22,3.0,1.5,222.0,2005.0,YNT,150.0,NS,780.0,R,36.0,100.0,24.572638436482084,12.866449511400651,2.2133224755700325,600.8,2728.0,933.472312703583,-2849.0
2021,RMM,CS,TLFCS05N,12.9,0,0.0,9.03,9.64,8.97,GHW,PAUL1103,22,3.0,1.5,222.0,2005.0,YNT,150.0,NS,780.0,R,21.0,0.0,23.774202898550726,12.006956521739129,2.089246376811594,531.6,2929.0,856.5159420289855,-2773.0
2022,RMM,CS,TLFCS05N,12.9,2,0.0,5.0,10.54,9.64,GHW,PAUL1103,22,3.0,1.5,222.0,2005.0,YNT,150.0,NS,780.0,R,16.0,96.0,22.993972602739724,11.737260273972604,1.931945205479452,565.6,2547.0,853.5013698630137,-2638.0
2023,RMM,CS,TLFCS05N,12.9,2,0.0,9.9,8.66,10.54,GHW,PAUL1103,22,3.0,1.5,222.0,2005.0,YNT,150.0,NS,780.0,R,18.0,0.0,23.792876712328766,12.633150684931508,2.0255068493150685,702.4,2625.0,840.6630136986302,-3216.0
2024,RMM,CS,TLFCS05N,12.9,2,0.0,9.0,6.66,8.66,GHW,PAUL1103,22,3.0,1.5,222.0,2005.0,YNT,150.0,NS,780.0,R,14.0,0.0,23.59535519125683,12.800819672131148,1.9520218579234971,662.6,2680.0,826.1639344262295,-3168.0
2025,RMM,CS,TLFCS05N,12.9,4,0.0,12.0,5.6,6.66,GHW,PAUL1103,22,3.0,1.5,222.0,2005.0,YNT,150.0,NS,780.0,R,0.0,0.0,24.061643835616437,12.527397260273972,2.161808219178082,233.6,2670.0,798.613698630137,-3325.0
2020,RMM,CS,TLFCS05S,15.9,3,0.28,17.0,8.75,,GHW,PAUL1103,22,3.0,1.5,222.0,2005.0,YNT,150.0,NS,780.0,R,34.0,115.0,24.572638436482084,12.866449511400651,2.2133224755700325,600.8,2728.0,933.472312703583,-2849.0
2021,RMM,CS,TLFCS05S,15.9,0,0.0,7.95,9.03,8.75,GHW,PAUL1103,22,3.0,1.5,222.0,2005.0,YNT,150.0,NS,780.0,R,22.0,97.0,23.774202898550726,12.006956521739129,2.089246376811594,531.6,2929.0,856.5159420289855,-2773.0
2022,RMM,CS,TLFCS05S,15.9,2,0.0,6.0,9.78,9.03,GHW,PAUL1103,22,3.0,1.5,222.0,2005.0,YNT,150.0,NS,780.0,R,18.0,101.0,22.993972602739724,11.737260273972604,1.931945205479452,565.6,2547.0,853.5013698630137,-2638.0
2023,RMM,CS,TLFCS05S,15.9,2,0.0,10.5,8.92,9.78,GHW,PAUL1103,22,3.0,1.5,222.0,2005.0,YNT,150.0,NS,780.0,R,16.0,0.0,23.792876712328766,12.633150684931508,2.0255068493150685,702.4,2625.0,840.6630136986302,-3216.0
2024,RMM,CS,TLFCS05S,15.9,2,0.0,9.0,7.32,8.92,GHW,PAUL1103,22,3.0,1.5,222.0,2005.0,YNT,150.0,NS,780.0,R,14.0,0.0,23.59535519125683,12.800819672131148,1.9520218579234971,662.6,2680.0,826.1639344262295,-3168.0
2025,RMM,CS,TLFCS05S,15.9,4,0.0,14.0,6.6,7.32,GHW,PAUL1103,22,3.0,1.5,222.0,2005.0,YNT,150.0,NS,780.0,R,0.0,0.0,24.061643835616437,12.527397260273972,2.161808219178082,233.6,2670.0,798.613698630137,-3325.0
2020,RMM,CS,TLFCS06NN,15.9,3,0.32,15.0,12.72,,GHW,PAUL1103,GOLAN,3.0,1.5,222.0,2006.0,YNT,130.0,NS,790.0,R,33.0,112.0,24.572638436482084,12.866449511400651,2.2133224755700325,600.8,2728.0,933.472312703583,-2849.0
2021,RMM,CS,TLFCS06NN,15.9,0,0.0,14.31,13.91,12.72,GHW,PAUL1103,GOLAN,3.0,1.5,222.0,2006.0,YNT,130.0,NS,790.0,R,23.0,0.0,23.774202898550726,12.006956521739129,2.089246376811594,531.6,2929.0,856.5159420289855,-2773.0
2022,RMM,CS,TLFCS06NN,15.9,2,0.0,10.0,15.78,13.91,GHW,PAUL1103,GOLAN,3.0,1.5,222.0,2006.0,YNT,130.0,NS,790.0,R,20.0,112.0,22.993972602739724,11.737260273972604,1.931945205479452,565.6,2547.0,853.5013698630137,-2638.0
2023,RMM,CS,TLFCS06NN,15.9,2,0.0,14.4,12.66,15.78,GHW,PAUL1103,GOLAN,3.0,1.5,222.0,2006.0,YNT,130.0,NS,790.0,R,19.0,0.0,23.792876712328766,12.633150684931508,2.0255068493150685,702.4,2625.0,840.6630136986302,-3216.0
2024,RMM,CS,TLFCS06NN,15.9,1,0.0,14.0,11.54,12.66,GHW,PAUL1103,GOLAN,3.0,1.5,222.0,2006.0,YNT,130.0,NS,790.0,R,14.0,0.0,23.59535519125683,12.800819672131148,1.9520218579234971,662.6,2680.0,826.1639344262295,-3168.0
2025,RMM,CS,TLFCS06NN,15.9,4,0.0,16.0,5.3,11.54,GHW,PAUL1103,GOLAN,3.0,1.5,222.0,2006.0,YNT,130.0,NS,790.0,R,0.0,0.0,24.061643835616437,12.527397260273972,2.161808219178082,233.6,2670.0,798.613698630137,-3325.0
2020,RMM,CS,TLFCS06NS,12.6,3,0.31,11.0,9.54,,GHW,PAUL1103,GOLAN,3.0,1.5,222.0,2006.0,YNT,130.0,NS,790.0,R,32.0,117.0,24.572638436482084,12.866449511400651,2.2133224755700325,600.8,2728.0,933.472312703583,-2849.0
2021,RMM,CS,TLFCS06NS,12.6,0,0.0,8.82,11.13,9.54,GHW,PAUL1103,GOLAN,3.0,1.5,222.0,2006.0,YNT,130.0,NS,790.0,R,27.0,0.0,23.774202898550726,12.006956521739129,2.089246376811594,531.6,2929.0,856.5159420289855,-2773.0
2022,RMM,CS,TLFCS06NS,12.6,2,0.0,6.0,12.72,11.13,GHW,PAUL1103,GOLAN,3.0,1.5,222.0,2006.0,YNT,130.0,NS,790.0,R,18.0,115.0,22.993972602739724,11.737260273972604,1.931945205479452,565.6,2547.0,853.5013698630137,-2638.0
2023,RMM,CS,TLFCS06NS,12.6,2,0.0,10.4,11.22,12.72,GHW,PAUL1103,GOLAN,3.0,1.5,222.0,2006.0,YNT,130.0,NS,790.0,R,19.0,0.0,23.792876712328766,12.633150684931508,2.0255068493150685,702.4,2625.0,840.6630136986302,-3216.0
2024,RMM,CS,TLFCS06NS,12.6,1,0.0,11.0,9.42,11.22,GHW,PAUL1103,GOLAN,3.0,1.5,222.0,2006.0,YNT,130.0,NS,790.0,R,15.0,0.0,23.59535519125683,12.800819672131148,1.9520218579234971,662.6,2680.0,826.1639344262295,-3168.0
2025,RMM,CS,TLFCS06NS,12.6,4,0.0,9.0,4.62,9.42,GHW,PAUL1103,GOLAN,3.0,1.5,222.0,2006.0,YNT,130.0,NS,790.0,R,0.0,0.0,24.061643835616437,12.527397260273972,2.161808219178082,233.6,2670.0,798.613698630137,-3325.0
2020,RMM,CS,TLFCS09169P,7.2,3,0.24,5.0,5.39,,GHW,PAUL1103,169,3.0,1.5,222.0,2009.0,YNT,41.0,EW,760.0,R,29.0,128.0,24.572638436482084,12.866449511400651,2.2133224755700325,600.8,2728.0,933.472312703583,-2849.0
2021,RMM,CS,TLFCS09169P,7.2,0,0.0,5.04,5.81,5.39,GHW,PAUL1103,169,3.0,1.5,222.0,2009.0,YNT,41.0,EW,760.0,R,22.0,0.0,23.774202898550726,12.006956521739129,2.089246376811594,531.6,2929.0,856.5159420289855,-2773.0
2022,RMM,CS,TLFCS09169P,7.2,4,0.0,6.0,6.6,5.81,GHW,PAUL1103,169,3.0,1.5,222.0,2009.0,YNT,41.0,EW,760.0,R,28.0,109.0,22.993972602739724,11.737260273972604,1.931945205479452,565.6,2547.0,853.5013698630137,-2638.0
2023,RMM,CS,TLFCS09169P,7.2,3,0.0,5.9,5.92,6.6,GHW,PAUL1103,169,3.0,1.5,222.0,2009.0,YNT,41.0,EW,760.0,R,25.0,0.0,23.792876712328766,12.633150684931508,2.0255068493150685,702.4,2625.0,840.6630136986302,-3216.0
2024,RMM,CS,TLFCS09169P,7.2,4,0.0,6.0,3.88,5.92,GHW,PAUL1103,169,3.0,1.5,222.0,2009.0,YNT,41.0,EW,760.0,R,20.0,0.0,23.59535519125683,12.800819672131148,1.9520218579234971,662.6,2680.0,826.1639344262295,-3168.0
2025,RMM,CS,TLFCS09169P,7.2,4,0.0,5.0,2.98,3.88,GHW,PAUL1103,169,3.0,1.5,222.0,2009.0,YNT,41.0,EW,760.0,R,0.0,0.0,24.061643835616437,12.527397260273972,2.161808219178082,233.6,2670.0,798.613698630137,-3325.0
2020,RMM,CS,TLFCS09169RE,6.0,3,0.26,4.0,5.2,,GHW,R110,169,3.0,1.5,222.0,2009.0,YNT,41.0,EW,760.0,R,31.0,103.0,24.572638436482084,12.866449511400651,2.2133224755700325,600.8,2728.0,933.472312703583,-2849.0
2021,RMM,CS,TLFCS09169RE,6.0,0,0.0,4.8,4.77,5.2,GHW,R110,169,3.0,1.5,222.0,2009.0,YNT,41.0,EW,760.0,R,23.0,0.0,23.774202898550726,12.006956521739129,2.089246376811594,531.6,2929.0,856.5159420289855,-2773.0
2022,RMM,CS,TLFCS09169RE,6.0,4,0.0,5.0,4.76,4.77,GHW,R110,169,3.0,1.5,222.0,2009.0,YNT,41.0,EW,760.0,R,28.0,96.0,22.993972602739724,11.737260273972604,1.931945205479452,565.6,2547.0,853.5013698630137,-2638.0
2023,RMM,CS,TLFCS09169RE,6.0,3,0.0,5.0,5.26,4.76,GHW,R110,169,3.0,1.5,222.0,2009.0,YNT,41.0,EW,760.0,R,23.0,0.0,23.792876712328766,12.633150684931508,2.0255068493150685,702.4,2625.0,840.6630136986302,-3216.0
2024,RMM,CS,TLFCS09169RE,6.0,4,0.0,5.0,3.5,5.26,GHW,R110,169,3.0,1.5,222.0,2009.0,YNT,41.0,EW,760.0,R,17.0,0.0,23.59535519125683,12.800819672131148,1.9520218579234971,662.6,2680.0,826.1639344262295,-3168.0
2025,RMM,CS,TLFCS09169RE,6.0,4,0.0,4.0,2.22,3.5,GHW,R110,169,3.0,1.5,222.0,2009.0,YNT,41.0,EW,760.0,R,0.0,0.0,24.061643835616437,12.527397260273972,2.161808219178082,233.6,2670.0,798.613698630137,-3325.0
2020,RMM,CS,TLFCS09169RWZ,8.1,4,0.27,7.0,6.85,,GHW,R110,169,3.0,1.5,222.0,2009.0,YNT,41.0,EW,760.0,R,33.0,101.0,24.572638436482084,12.866449511400651,2.2133224755700325,600.8,2728.0,933.472312703583,-2849.0
2021,RMM,CS,TLFCS09169RWZ,8.1,0,0.0,6.48,6.96,6.85,GHW,R110,169,3.0,1.5,222.0,2009.0,YNT,41.0,EW,760.0,R,22.0,0.0,23.774202898550726,12.006956521739129,2.089246376811594,531.6,2929.0,856.5159420289855,-2773.0
2022,RMM,CS,TLFCS09169RWZ,8.1,4,0.0,9.0,6.34,6.96,GHW,R110,169,3.0,1.5,222.0,2009.0,YNT,41.0,EW,760.0,R,37.0,108.0,22.993972602739724,11.737260273972604,1.931945205479452,565.6,2547.0,853.5013698630137,-2638.0
2023,RMM,CS,TLFCS09169RWZ,8.1,3,0.0,7.0,7.04,6.34,GHW,R110,169,3.0,1.5,222.0,2009.0,YNT,41.0,EW,760.0,R,20.0,0.0,23.792876712328766,12.633150684931508,2.0255068493150685,702.4,2625.0,840.6630136986302,-3216.0
2024,RMM,CS,TLFCS09169RWZ,8.1,4,0.0,7.0,4.98,7.04,GHW,R110,169,3.0,1.5,222.0,2009.0,YNT,41.0,EW,760.0,R,20.0,0.0,23.59535519125683,12.800819672131148,1.9520218579234971,662.6,2680.0,826.1639344262295,-3168.0
2025,RMM,CS,TLFCS09169RWZ,8.1,4,0.0,6.0,3.62,4.98,GHW,R110,169,3.0,1.5,222.0,2009.0,YNT,41.0,EW,760.0,R,0.0,0.0,24.061643835616437,12.527397260273972,2.161808219178082,233.6,2670.0,798.613698630137,-3325.0
2020,RMM,CS,TLFCS09338PN,3.2,3,0.28,3.0,2.92,,GHW,PAUL1103,338,3.0,1.5,222.0,2009.0,YNT,41.0,EW,760.0,R,33.0,142.0,24.572638436482084,12.866449511400651,2.2133224755700325,600.8,2728.0,933.472312703583,-2849.0
2021,RMM,CS,TLFCS09338PN,3.2,0,0.0,2.88,3.16,2.92,GHW,PAUL1103,338,3.0,1.5,222.0,2009.0,YNT,41.0,EW,760.0,R,21.0,0.0,23.774202898550726,12.006956521739129,2.089246376811594,531.6,2929.0,856.5159420289855,-2773.0
2022,RMM,CS,TLFCS09338PN,3.2,4,0.0,3.0,2.32,3.16,GHW,PAUL1103,338,3.0,1.5,222.0,2009.0,YNT,41.0,EW,760.0,R,30.0,114.0,22.993972602739724,11.737260273972604,1.931945205479452,565.6,2547.0,853.5013698630137,-2638.0
2023,RMM,CS,TLFCS09338PN,3.2,4,0.0,2.9,2.02,2.32,GHW,PAUL1103,338,3.0,1.5,222.0,2009.0,YNT,41.0,EW,760.0,R,22.0,0.0,23.792876712328766,12.633150684931508,2.0255068493150685,702.4,2625.0,840.6630136986302,-3216.0
2024,RMM,CS,TLFCS09338PN,3.2,4,0.0,3.0,1.82,2.02,GHW,PAUL1103,338,3.0,1.5,222.0,2009.0,YNT,41.0,EW,760.0,R,18.0,0.0,23.59535519125683,12.800819672131148,1.9520218579234971,662.6,2680.0,826.1639344262295,-3168.0
2025,RMM,CS,TLFCS09338PN,3.2,4,0.0,3.0,1.58,1.82,GHW,PAUL1103,338,3.0,1.5,222.0,2009.0,YNT,41.0,EW,760.0,R,0.0,0.0,24.061643835616437,12.527397260273972,2.161808219178082,233.6,2670.0,798.613698630137,-3325.0
2020,RMM,CS,TLFCS09338PS,11.3,3,0.29,9.0,9.2,,GHW,PAUL1103,338,3.0,1.5,222.0,2009.0,YNT,41.0,EW,760.0,R,34.0,102.0,24.572638436482084,12.866449511400651,2.2133224755700325,600.8,2728.0,933.472312703583,-2849.0
2021,RMM,CS,TLFCS09338PS,11.3,0,0.0,9.04,10.22,9.2,GHW,PAUL1103,338,3.0,1.5,222.0,2009.0,YNT,41.0,EW,760.0,R,25.0,0.0,23.774202898550726,12.006956521739129,2.089246376811594,531.6,2929.0,856.5159420289855,-2773.0
2022,RMM,CS,TLFCS09338PS,11.3,4,0.0,10.0,9.54,10.22,GHW,PAUL1103,338,3.0,1.5,222.0,2009.0,YNT,41.0,EW,760.0,R,33.0,47.0,22.993972602739724,11.737260273972604,1.931945205479452,565.6,2547.0,853.5013698630137,-2638.0
2023,RMM,CS,TLFCS09338PS,11.3,4,0.0,9.6,7.94,9.54,GHW,PAUL1103,338,3.0,1.5,222.0,2009.0,YNT,41.0,EW,760.0,R,24.0,0.0,23.792876712328766,12.633150684931508,2.0255068493150685,702.4,2625.0,840.6630136986302,-3216.0
2024,RMM,CS,TLFCS09338PS,11.3,4,0.0,9.0,6.44,7.94,GHW,PAUL1103,338,3.0,1.5,222.0,2009.0,YNT,41.0,EW,760.0,R,19.0,0.0,23.59535519125683,12.800819672131148,1.9520218579234971,662.6,2680.0,826.1639344262295,-3168.0
2025,RMM,CS,TLFCS09338PS,11.3,4,0.0,9.0,5.2,6.44,GHW,PAUL1103,338,3.0,1.5,222.0,2009.0,YNT,41.0,EW,760.0,R,0.0,0.0,24.061643835616437,12.527397260273972,2.161808219178082,233.6,2670.0,798.613698630137,-3325.0
2020,RMM,CS,TLFCS09338PW,8.2,3,0.28,6.0,6.3,,GHW,PAUL1103,338,3.0,1.5,222.0,2009.0,YNT,41.0,EW,760.0,R,32.0,121.0,24.572638436482084,12.866449511400651,2.2133224755700325,600.8,2728.0,933.472312703583,-2849.0
2021,RMM,CS,TLFCS09338PW,8.2,0,0.0,5.74,6.39,6.3,GHW,PAUL1103,338,3.0,1.5,222.0,2009.0,YNT,41.0,EW,760.0,R,24.0,0.0,23.774202898550726,12.006956521739129,2.089246376811594,531.6,2929.0,856.5159420289855,-2773.0
2022,RMM,CS,TLFCS09338PW,8.2,3,0.0,7.0,6.6,6.39,GHW,PAUL1103,338,3.0,1.5,222.0,2009.0,YNT,41.0,EW,760.0,R,31.0,121.0,22.993972602739724,11.737260273972604,1.931945205479452,565.6,2547.0,853.5013698630137,-2638.0
2023,RMM,CS,TLFCS09338PW,8.2,4,0.0,6.5,6.58,6.6,GHW,PAUL1103,338,3.0,1.5,222.0,2009.0,YNT,41.0,EW,760.0,R,16.0,0.0,23.792876712328766,12.633150684931508,2.0255068493150685,702.4,2625.0,840.6630136986302,-3216.0
2024,RMM,CS,TLFCS09338PW,8.2,4,0.0,6.0,4.44,6.58,GHW,PAUL1103,338,3.0,1.5,222.0,2009.0,YNT,41.0,EW,760.0,R,21.0,0.0,23.59535519125683,12.800819672131148,1.9520218579234971,662.6,2680.0,826.1639344262295,-3168.0
2025,RMM,CS,TLFCS09338PW,8.2,4,0.0,6.0,3.5,4.44,GHW,PAUL1103,338,3.0,1.5,222.0,2009.0,YNT,41.0,EW,760.0,R,0.0,0.0,24.061643835616437,12.527397260273972,2.161808219178082,233.6,2670.0,798.613698630137,-3325.0
2020,RMM,CS,TLFCS09338RE,9.1,3,0.29,9.0,9.18,,GHW,R110,338,3.0,1.5,222.0,2009.0,YNT,41.0,EW,760.0,R,35.0,145.0,24.572638436482084,12.866449511400651,2.2133224755700325,600.8,2728.0,933.472312703583,-2849.0
2021,RMM,CS,TLFCS09338RE,9.1,0,0.0,8.19,8.62,9.18,GHW,R110,338,3.0,1.5,222.0,2009.0,YNT,41.0,EW,760.0,R,24.0,0.0,23.774202898550726,12.006956521739129,2.089246376811594,531.6,2929.0,856.5159420289855,-2773.0
2022,RMM,CS,TLFCS09338RE,9.1,3,0.0,9.0,8.7,8.62,GHW,R110,338,3.0,1.5,222.0,2009.0,YNT,41.0,EW,760.0,R,33.0,101.0,22.993972602739724,11.737260273972604,1.931945205479452,565.6,2547.0,853.5013698630137,-2638.0
2023,RMM,CS,TLFCS09338RE,9.1,3,0.0,8.9,9.96,8.7,GHW,R110,338,3.0,1.5,222.0,2009.0,YNT,41.0,EW,760.0,R,30.0,0.0,23.792876712328766,12.633150684931508,2.0255068493150685,702.4,2625.0,840.6630136986302,-3216.0
2024,RMM,CS,TLFCS09338RE,9.1,4,0.0,9.0,7.42,9.96,GHW,R110,338,3.0,1.5,222.0,2009.0,YNT,41.0,EW,760.0,R,21.0,0.0,23.59535519125683,12.800819672131148,1.9520218579234971,662.6,2680.0,826.1639344262295,-3168.0
2025,RMM,CS,TLFCS09338RE,9.1,4,0.0,6.0,4.58,7.42,GHW,R110,338,3.0,1.5,222.0,2009.0,YNT,41.0,EW,760.0,R,0.0,0.0,24.061643835616437,12.527397260273972,2.161808219178082,233.6,2670.0,798.613698630137,-3325.0
2020,RMM,CS,TLFCS09338RWZ,12.0,4,0.25,13.0,13.36,,GHW,R110,338,3.0,1.5,222.0,2009.0,YNT,41.0,EW,760.0,R,36.0,112.0,24.572638436482084,12.866449511400651,2.2133224755700325,600.8,2728.0,933.472312703583,-2849.0
2021,RMM,CS,TLFCS09338RWZ,12.0,0,0.0,13.2,11.39,13.36,GHW,R110,338,3.0,1.5,222.0,2009.0,YNT,41.0,EW,760.0,R,23.0,0.0,23.774202898550726,12.006956521739129,2.089246376811594,531.6,2929.0,856.5159420289855,-2773.0
2022,RMM,CS,TLFCS09338RWZ,12.0,4,0.0,12.0,10.1,11.39,GHW,R110,338,3.0,1.5,222.0,2009.0,YNT,41.0,EW,760.0,R,31.0,97.0,22.993972602739724,11.737260273972604,1.931945205479452,565.6,2547.0,853.5013698630137,-2638.0
2023,RMM,CS,TLFCS09338RWZ,12.0,3,0.0,12.1,11.5,10.1,GHW,R110,338,3.0,1.5,222.0,2009.0,YNT,41.0,EW,760.0,R,31.0,0.0,23.792876712328766,12.633150684931508,2.0255068493150685,702.4,2625.0,840.6630136986302,-3216.0
2024,RMM,CS,TLFCS09338RWZ,12.0,4,0.0,12.0,8.66,11.5,GHW,R110,338,3.0,1.5,222.0,2009.0,YNT,41.0,EW,760.0,R,22.0,0.0,23.59535519125683,12.800819672131148,1.9520218579234971,662.6,2680.0,826.1639344262295,-3168.0
2025,RMM,CS,TLFCS09338RWZ,12.0,4,0.0,8.0,5.58,8.66,GHW,R110,338,3.0,1.5,222.0,2009.0,YNT,41.0,EW,760.0,R,0.0,0.0,24.061643835616437,12.527397260273972,2.161808219178082,233.6,2670.0,798.613698630137,-3325.0
2020,RMM,CS,TLFCS09GOE,20.7,0,0.0,0.0,0.0,,,,,,,,,,,,,,0.0,0.0,,,,,,,
2020,RMM,CS,TLFCS09GOW,24.9,0,0.0,0.0,0.0,,,,,,,,,,,,,,0.0,0.0,,,,,,,
2020,RMM,CS,TLFCS10338R,18.6,3,0.28,23.0,23.06,,GHW,R110,338,3.0,1.5,222.0,2010.0,YNT,90.0,EW,740.0,R,34.0,142.0,24.572638436482084,12.866449511400651,2.2133224755700325,600.8,2728.0,933.472312703583,-2849.0
2021,RMM,CS,TLFCS10338R,18.6,0,0.0,22.32,25.54,23.06,GHW,R110,338,3.0,1.5,222.0,2010.0,YNT,90.0,EW,740.0,R,23.0,0.0,23.774202898550726,12.006956521739129,2.089246376811594,531.6,2929.0,856.5159420289855,-2773.0
2022,RMM,CS,TLFCS10338R,18.6,3,0.0,23.0,26.36,25.54,GHW,R110,338,3.0,1.5,222.0,2010.0,YNT,90.0,EW,740.0,R,32.0,112.0,22.993972602739724,11.737260273972604,1.931945205479452,565.6,2547.0,853.5013698630137,-2638.0
2023,RMM,CS,TLFCS10338R,18.6,3,0.0,25.4,20.26,26.36,GHW,R110,338,3.0,1.5,222.0,2010.0,YNT,90.0,EW,740.0,R,19.0,0.0,23.792876712328766,12.633150684931508,2.0255068493150685,702.4,2625.0,840.6630136986302,-3216.0
2024,RMM,CS,TLFCS10338R,18.6,3,0.0,24.0,12.88,20.26,GHW,R110,338,3.0,1.5,222.0,2010.0,YNT,90.0,EW,740.0,R,20.0,0.0,23.59535519125683,12.800819672131148,1.9520218579234971,662.6,2680.0,826.1639344262295,-3168.0
2025,RMM,CS,TLFCS10338R,18.6,4,0.0,21.0,15.62,12.88,GHW,R110,338,3.0,1.5,222.0,2010.0,YNT,90.0,EW,740.0,R,0.0,0.0,24.061643835616437,12.527397260273972,2.161808219178082,233.6,2670.0,798.613698630137,-3325.0
2020,RMM,CS,TLFCS1116914E,12.4,4,0.25,10.0,10.73,,GHW,101-759,169,3.0,1.5,222.0,2011.0,YNT,50.0,EW,754.0,R,32.0,126.0,24.572638436482084,12.866449511400651,2.2133224755700325,600.8,2728.0,933.472312703583,-2849.0
2021,RMM,CS,TLFCS1116914E,12.4,0,0.0,9.92,9.29,10.73,GHW,101-759,169,3.0,1.5,222.0,2011.0,YNT,50.0,EW,754.0,R,20.0,0.0,23.774202898550726,12.006956521739129,2.089246376811594,531.6,2929.0,856.5159420289855,-2773.0
2022,RMM,CS,TLFCS1116914E,12.4,3,0.0,11.0,8.68,9.29,GHW,101-759,169,3.0,1.5,222.0,2011.0,YNT,50.0,EW,754.0,R,26.0,113.0,22.993972602739724,11.737260273972604,1.931945205479452,565.6,2547.0,853.5013698630137,-2638.0
2023,RMM,CS,TLFCS1116914E,12.4,3,0.0,9.8,7.84,8.68,GHW,101-759,169,3.0,1.5,222.0,2011.0,YNT,50.0,EW,754.0,R,24.0,0.0,23.792876712328766,12.633150684931508,2.0255068493150685,702.4,2625.0,840.6630136986302,-3216.0
2024,RMM,CS,TLFCS1116914E,12.4,4,0.0,9.0,7.52,7.84,GHW,101-759,169,3.0,1.5,222.0,2011.0,YNT,50.0,EW,754.0,R,17.0,0.0,23.59535519125683,12.800819672131148,1.9520218579234971,662.6,2680.0,826.1639344262295,-3168.0
2025,RMM,CS,TLFCS1116914E,12.4,4,0.0,6.0,6.52,7.52,GHW,101-759,169,3.0,1.5,222.0,2011.0,YNT,50.0,EW,754.0,R,0.0,0.0,24.061643835616437,12.527397260273972,2.161808219178082,233.6,2670.0,798.613698630137,-3325.0
2020,RMM,CS,TLFCS1116914W,6.9,4,0.27,6.0,5.21,,GHW,101-759,169,3.0,1.5,222.0,2011.0,YNT,50.0,EW,743.0,R,29.0,146.0,24.572638436482084,12.866449511400651,2.2133224755700325,600.8,2728.0,933.472312703583,-2849.0
2021,RMM,CS,TLFCS1116914W,6.9,0,0.0,4.32,4.57,5.21,GHW,101-759,169,3.0,1.5,222.0,2011.0,YNT,50.0,EW,743.0,R,22.0,0.0,23.774202898550726,12.006956521739129,2.089246376811594,531.6,2929.0,856.5159420289855,-2773.0
2022,RMM,CS,TLFCS1116914W,6.9,4,0.0,5.0,4.08,4.57,GHW,101-759,169,3.0,1.5,222.0,2011.0,YNT,50.0,EW,743.0,R,25.0,116.0,22.993972602739724,11.737260273972604,1.931945205479452,565.6,2547.0,853.5013698630137,-2638.0
2023,RMM,CS,TLFCS1116914W,6.9,3,0.0,4.8,4.0,4.08,GHW,101-759,169,3.0,1.5,222.0,2011.0,YNT,50.0,EW,743.0,R,24.0,0.0,23.792876712328766,12.633150684931508,2.0255068493150685,702.4,2625.0,840.6630136986302,-3216.0
2024,RMM,CS,TLFCS1116914W,6.9,4,0.0,4.0,3.82,4.0,GHW,101-759,169,3.0,1.5,222.0,2011.0,YNT,50.0,EW,743.0,R,21.0,0.0,23.59535519125683,12.800819672131148,1.9520218579234971,662.6,2680.0,826.1639344262295,-3168.0
2025,RMM,CS,TLFCS1116914W,6.9,4,0.0,4.0,3.34,3.82,GHW,101-759,169,3.0,1.5,222.0,2011.0,YNT,50.0,EW,743.0,R,0.0,0.0,24.061643835616437,12.527397260273972,2.161808219178082,233.6,2670.0,798.613698630137,-3325.0
2020,RMM,CS,TLFCS11338SO,16.1,3,0.26,21.0,21.0,,GHW,SO4,338,3.0,1.5,222.0,2011.0,YNT,50.0,EW,754.0,R,33.0,174.0,24.572638436482084,12.866449511400651,2.2133224755700325,600.8,2728.0,933.472312703583,-2849.0
2021,RMM,CS,TLFCS11338SO,16.1,0,0.0,20.13,22.06,21.0,GHW,SO4,338,3.0,1.5,222.0,2011.0,YNT,50.0,EW,754.0,R,27.0,0.0,23.774202898550726,12.006956521739129,2.089246376811594,531.6,2929.0,856.5159420289855,-2773.0
2022,RMM,CS,TLFCS11338SO,16.1,3,0.0,23.0,19.9,22.06,GHW,SO4,338,3.0,1.5,222.0,2011.0,YNT,50.0,EW,754.0,R,30.0,159.0,22.993972602739724,11.737260273972604,1.931945205479452,565.6,2547.0,853.5013698630137,-2638.0
2023,RMM,CS,TLFCS11338SO,16.1,3,0.0,21.9,18.12,19.9,GHW,SO4,338,3.0,1.5,222.0,2011.0,YNT,50.0,EW,754.0,R,25.0,0.0,23.792876712328766,12.633150684931508,2.0255068493150685,702.4,2625.0,840.6630136986302,-3216.0
2024,RMM,CS,TLFCS11338SO,16.1,3,0.0,20.0,11.56,18.12,GHW,SO4,338,3.0,1.5,222.0,2011.0,YNT,50.0,EW,754.0,R,19.0,0.0,23.59535519125683,12.800819672131148,1.9520218579234971,662.6,2680.0,826.1639344262295,-3168.0
2025,RMM,CS,TLFCS11338SO,16.1,4,0.0,18.0,14.58,11.56,GHW,SO4,338,3.0,1.5,222.0,2011.0,YNT,50.0,EW,754.0,R,0.0,0.0,24.061643835616437,12.527397260273972,2.161808219178082,233.6,2670.0,798.613698630137,-3325.0
2020,RMM,CS,TLFCS1416914N,12.4,3,0.24,6.0,10.32,,GHW,101/14,169,3.0,1.5,222.0,2014.0,YNT,75.0,EW,770.0,R,28.0,144.0,24.572638436482084,12.866449511400651,2.2133224755700325,600.8,2728.0,933.472312703583,-2849.0
2021,RMM,CS,TLFCS1416914N,12.4,0,0.0,8.68,9.41,10.32,GHW,101/14,169,3.0,1.5,222.0,2014.0,YNT,75.0,EW,770.0,R,25.0,188.0,23.774202898550726,12.006956521739129,2.089246376811594,531.6,2929.0,856.5159420289855,-2773.0
2022,RMM,CS,TLFCS1416914N,12.4,3,0.0,11.0,9.6,9.41,GHW,101/14,169,3.0,1.5,222.0,2014.0,YNT,75.0,EW,770.0,R,30.0,151.0,22.993972602739724,11.737260273972604,1.931945205479452,565.6,2547.0,853.5013698630137,-2638.0
2023,RMM,CS,TLFCS1416914N,12.4,4,0.0,9.6,6.74,9.6,GHW,101/14,169,3.0,1.5,222.0,2014.0,YNT,75.0,EW,770.0,R,24.0,0.0,23.792876712328766,12.633150684931508,2.0255068493150685,702.4,2625.0,840.6630136986302,-3216.0
2024,RMM,CS,TLFCS1416914N,12.4,3,0.0,10.0,4.42,6.74,GHW,101/14,169,3.0,1.5,222.0,2014.0,YNT,75.0,EW,770.0,R,17.0,0.0,23.59535519125683,12.800819672131148,1.9520218579234971,662.6,2680.0,826.1639344262295,-3168.0
2025,RMM,CS,TLFCS1416914N,12.4,4,0.0,13.0,9.8,4.42,GHW,101/14,169,3.0,1.5,222.0,2014.0,YNT,75.0,EW,770.0,R,0.0,0.0,24.061643835616437,12.527397260273972,2.161808219178082,233.6,2670.0,798.613698630137,-3325.0
2020,RMM,CS,TLFCS1416914S,12.2,4,0.27,7.0,9.43,,GHW,101/14,169,2.5,1.5,267.0,2014.0,YNT,75.0,EW,770.0,R,24.0,124.0,24.572638436482084,12.866449511400651,2.2133224755700325,600.8,2728.0,933.472312703583,-2849.0
2021,RMM,CS,TLFCS1416914S,12.2,0,0.0,7.57,8.2,9.43,GHW,101/14,169,2.5,1.5,267.0,2014.0,YNT,75.0,EW,770.0,R,20.0,0.0,23.774202898550726,12.006956521739129,2.089246376811594,531.6,2929.0,856.5159420289855,-2773.0
2022,RMM,CS,TLFCS1416914S,12.2,4,0.0,11.0,9.79,8.2,GHW,101/14,169,2.5,1.5,267.0,2014.0,YNT,75.0,EW,770.0,R,28.0,120.0,22.993972602739724,11.737260273972604,1.931945205479452,565.6,2547.0,853.5013698630137,-2638.0
2023,RMM,CS,TLFCS1416914S,12.2,4,0.0,9.0,3.24,9.79,GHW,101/14,169,2.5,1.5,267.0,2014.0,YNT,75.0,EW,770.0,R,20.0,0.0,23.792876712328766,12.633150684931508,2.0255068493150685,702.4,2625.0,840.6630136986302,-3216.0
2024,RMM,CS,TLFCS1416914S,12.2,3,0.0,9.0,4.02,3.24,GHW,101/14,169,2.5,1.5,267.0,2014.0,YNT,75.0,EW,770.0,R,16.0,0.0,23.59535519125683,12.800819672131148,1.9520218579234971,662.6,2680.0,826.1639344262295,-3168.0
2025,RMM,CS,TLFCS1416914S,12.2,4,0.0,11.0,7.18,4.02,GHW,101/14,169,2.5,1.5,267.0,2014.0,YNT,75.0,EW,770.0,R,0.0,0.0,24.061643835616437,12.527397260273972,2.161808219178082,233.6,2670.0,798.613698630137,-3325.0
2020,RMM,CS,TLFCS1441214,10.4,4,0.25,7.0,8.47,,GHW,101/14,412,2.5,1.5,267.0,2014.0,YNT,75.0,EW,765.0,R,28.0,100.0,24.572638436482084,12.866449511400651,2.2133224755700325,600.8,2728.0,933.472312703583,-2849.0
2021,RMM,CS,TLFCS1441214,10.4,0,0.0,8.32,7.77,8.47,GHW,101/14,412,2.5,1.5,267.0,2014.0,YNT,75.0,EW,765.0,R,24.0,0.0,23.774202898550726,12.006956521739129,2.089246376811594,531.6,2929.0,856.5159420289855,-2773.0
2022,RMM,CS,TLFCS1441214,10.4,4,0.0,8.0,9.94,7.77,GHW,101/14,412,2.5,1.5,267.0,2014.0,YNT,75.0,EW,765.0,R,29.0,101.0,22.993972602739724,11.737260273972604,1.931945205479452,565.6,2547.0,853.5013698630137,-2638.0
2023,RMM,CS,TLFCS1441214,10.4,4,0.0,9.1,6.42,9.94,GHW,101/14,412,2.5,1.5,267.0,2014.0,YNT,75.0,EW,765.0,R,24.0,0.0,23.792876712328766,12.633150684931508,2.0255068493150685,702.4,2625.0,840.6630136986302,-3216.0
2024,RMM,CS,TLFCS1441214,10.4,3,0.0,9.0,3.84,6.42,GHW,101/14,412,2.5,1.5,267.0,2014.0,YNT,75.0,EW,765.0,R,15.0,0.0,23.59535519125683,12.800819672131148,1.9520218579234971,662.6,2680.0,826.1639344262295,-3168.0
2025,RMM,CS,TLFCS1441214,10.4,4,0.0,9.0,6.6,3.84,GHW,101/14,412,2.5,1.5,267.0,2014.0,YNT,75.0,EW,765.0,R,0.0,0.0,24.061643835616437,12.527397260273972,2.161808219178082,233.6,2670.0,798.613698630137,-3325.0
2020,RMM,CS,TLFCS19338S,5.0,0,0.0,0.0,0.0,,GHW,SO4,338,2.5,1.5,267.0,2019.0,YNT,47.0,NE,735.0,R,0.0,0.0,24.572638436482084,12.866449511400651,2.2133224755700325,600.8,2728.0,933.472312703583,-2849.0
2021,RMM,CS,TLFCS19338S,5.0,0,0.0,0.0,0.0,0.0,GHW,SO4,338,2.5,1.5,267.0,2019.0,YNT,47.0,NE,735.0,R,0.0,0.0,23.774202898550726,12.006956521739129,2.089246376811594,531.6,2929.0,856.5159420289855,-2773.0
2022,RMM,CS,TLFCS19338S,5.0,0,0.0,3.0,1.26,0.0,GHW,SO4,338,2.5,1.5,267.0,2019.0,YNT,47.0,NE,735.0,R,12.0,0.0,22.993972602739724,11.737260273972604,1.931945205479452,565.6,2547.0,853.5013698630137,-2638.0
2023,RMM,CS,TLFCS19338S,5.0,3,0.0,3.5,3.92,1.26,GHW,SO4,338,2.5,1.5,267.0,2019.0,YNT,47.0,NE,735.0,R,0.0,0.0,23.792876712328766,12.633150684931508,2.0255068493150685,702.4,2625.0,840.6630136986302,-3216.0
2024,RMM,CS,TLFCS19338S,5.0,4,0.0,4.0,2.04,3.92,GHW,SO4,338,2.5,1.5,267.0,2019.0,YNT,47.0,NE,735.0,R,17.0,0.0,23.59535519125683,12.800819672131148,1.9520218579234971,662.6,2680.0,826.1639344262295,-3168.0
2025,RMM,CS,TLFCS19338S,5.0,4,0.0,4.0,2.84,2.04,GHW,SO4,338,2.5,1.5,267.0,2019.0,YNT,47.0,NE,735.0,R,0.0,0.0,24.061643835616437,12.527397260273972,2.161808219178082,233.6,2670.0,798.613698630137,-3325.0
2020,RMM,CS,TLFCS19338SE,5.69,0,0.0,0.0,0.0,,GHW,SO4,338,3.0,1.5,222.0,2019.0,YNT,77.0,NE,740.0,R,0.0,0.0,24.572638436482084,12.866449511400651,2.2133224755700325,600.8,2728.0,933.472312703583,-2849.0
2021,RMM,CS,TLFCS19338SE,5.69,0,0.0,0.0,0.0,0.0,GHW,SO4,338,3.0,1.5,222.0,2019.0,YNT,77.0,NE,740.0,R,0.0,0.0,23.774202898550726,12.006956521739129,2.089246376811594,531.6,2929.0,856.5159420289855,-2773.0
2022,RMM,CS,TLFCS19338SE,5.69,0,0.0,3.0,1.74,0.0,GHW,SO4,338,3.0,1.5,222.0,2019.0,YNT,77.0,NE,740.0,R,11.0,184.0,22.993972602739724,11.737260273972604,1.931945205479452,565.6,2547.0,853.5013698630137,-2638.0
2023,RMM,CS,TLFCS19338SE,5.69,3,0.0,4.0,4.26,1.74,GHW,SO4,338,3.0,1.5,222.0,2019.0,YNT,77.0,NE,740.0,R,0.0,0.0,23.792876712328766,12.633150684931508,2.0255068493150685,702.4,2625.0,840.6630136986302,-3216.0
2024,RMM,CS,TLFCS19338SE,5.69,4,0.0,4.0,3.08,4.26,GHW,SO4,338,3.0,1.5,222.0,2019.0,YNT,77.0,NE,740.0,R,18.0,0.0,23.59535519125683,12.800819672131148,1.9520218579234971,662.6,2680.0,826.1639344262295,-3168.0
2025,RMM,CS,TLFCS19338SE,5.69,4,0.0,5.0,4.92,3.08,GHW,SO4,338,3.0,1.5,222.0,2019.0,YNT,77.0,NE,740.0,R,0.0,0.0,24.061643835616437,12.527397260273972,2.161808219178082,233.6,2670.0,798.613698630137,-3325.0
2020,RMM,CS,TLFCS19338SN,1.75,0,0.0,0.0,0.0,,,,,,,,,,,,,,0.0,0.0,,,,,,,
2021,RMM,CS,TLFCS19338SN,1.75,0,0.0,0.0,0.0,0.0,,,,,,,,,,,,,0.0,0.0,,,,,,,
2022,RMM,CS,TLFCS19338SN,1.75,0,0.0,1.0,0.0,0.0,,,,,,,,,,,,,10.0,0.0,,,,,,,
2020,RMM,CS,TLFCS19338SS,4.55,0,0.0,0.0,0.0,,GHW,SO4,338,2.5,1.2,333.0,2019.0,YNT,47.0,NE,740.0,R,0.0,0.0,24.572638436482084,12.866449511400651,2.2133224755700325,600.8,2728.0,933.472312703583,-2849.0
2021,RMM,CS,TLFCS19338SS,4.55,0,0.0,0.0,0.0,0.0,GHW,SO4,338,2.5,1.2,333.0,2019.0,YNT,47.0,NE,740.0,R,0.0,0.0,23.774202898550726,12.006956521739129,2.089246376811594,531.6,2929.0,856.5159420289855,-2773.0
2022,RMM,CS,TLFCS19338SS,4.55,0,0.0,1.0,1.36,0.0,GHW,SO4,338,2.5,1.2,333.0,2019.0,YNT,47.0,NE,740.0,R,9.0,189.0,22.993972602739724,11.737260273972604,1.931945205479452,565.6,2547.0,853.5013698630137,-2638.0
2023,RMM,CS,TLFCS19338SS,4.55,3,0.0,3.2,4.26,1.36,GHW,SO4,338,2.5,1.2,333.0,2019.0,YNT,47.0,NE,740.0,R,0.0,0.0,23.792876712328766,12.633150684931508,2.0255068493150685,702.4,2625.0,840.6630136986302,-3216.0
2024,RMM,CS,TLFCS19338SS,4.55,4,0.0,4.0,2.66,4.26,GHW,SO4,338,2.5,1.2,333.0,2019.0,YNT,47.0,NE,740.0,R,16.0,0.0,23.59535519125683,12.800819672131148,1.9520218579234971,662.6,2680.0,826.1639344262295,-3168.0
2025,RMM,CS,TLFCS19338SS,4.55,4,0.0,3.0,3.86,2.66,GHW,SO4,338,2.5,1.2,333.0,2019.0,YNT,47.0,NE,740.0,R,0.0,0.0,24.061643835616437,12.527397260273972,2.161808219178082,233.6,2670.0,798.613698630137,-3325.0
2020,RMM,CS,TLFCS19338SW,6.41,0,0.0,0.0,0.0,,GHW,SO4,338,2.5,1.5,267.0,2019.0,YNT,47.0,NE,735.0,R,0.0,0.0,24.572638436482084,12.866449511400651,2.2133224755700325,600.8,2728.0,933.472312703583,-2849.0
2021,RMM,CS,TLFCS19338SW,6.41,0,0.0,0.0,0.0,0.0,GHW,SO4,338,2.5,1.5,267.0,2019.0,YNT,47.0,NE,735.0,R,0.0,0.0,23.774202898550726,12.006956521739129,2.089246376811594,531.6,2929.0,856.5159420289855,-2773.0
2022,RMM,CS,TLFCS19338SW,6.41,0,0.0,3.0,2.28,0.0,GHW,SO4,338,2.5,1.5,267.0,2019.0,YNT,47.0,NE,735.0,R,14.0,136.0,22.993972602739724,11.737260273972604,1.931945205479452,565.6,2547.0,853.5013698630137,-2638.0
2023,RMM,CS,TLFCS19338SW,6.41,3,0.0,4.5,6.5,2.28,GHW,SO4,338,2.5,1.5,267.0,2019.0,YNT,47.0,NE,735.0,R,0.0,0.0,23.792876712328766,12.633150684931508,2.0255068493150685,702.4,2625.0,840.6630136986302,-3216.0
2024,RMM,CS,TLFCS19338SW,6.41,4,0.0,7.0,3.3,6.5,GHW,SO4,338,2.5,1.5,267.0,2019.0,YNT,47.0,NE,735.0,R,16.0,0.0,23.59535519125683,12.800819672131148,1.9520218579234971,662.6,2680.0,826.1639344262295,-3168.0
2025,RMM,CS,TLFCS19338SW,6.41,4,0.0,5.0,5.46,3.3,GHW,SO4,338,2.5,1.5,267.0,2019.0,YNT,47.0,NE,735.0,R,0.0,0.0,24.061643835616437,12.527397260273972,2.161808219178082,233.6,2670.0,798.613698630137,-3325.0
2023,RMM,CS,TLFCS23338SNE,10.36,0,0.0,0.0,0.0,,GHW,SO4,338,3.0,1.5,222.0,2023.0,YNT,50.0,EW,710.0,R,0.0,0.0,23.792876712328766,12.633150684931508,2.0255068493150685,702.4,2625.0,840.6630136986302,-3216.0
2024,RMM,CS,TLFCS23338SNE,10.36,0,0.0,0.0,0.0,0.0,GHW,SO4,338,3.0,1.5,222.0,2023.0,YNT,50.0,EW,710.0,R,0.0,0.0,23.59535519125683,12.800819672131148,1.9520218579234971,662.6,2680.0,826.1639344262295,-3168.0
2025,RMM,CS,TLFCS23338SNE,10.36,0,0.0,7.0,0.0,0.0,GHW,SO4,338,3.0,1.5,222.0,2023.0,YNT,50.0,EW,710.0,R,0.0,0.0,24.061643835616437,12.527397260273972,2.161808219178082,233.6,2670.0,798.613698630137,-3325.0
2023,RMM,CS,TLFCS23338SNW,14.4,0,0.0,0.0,0.0,,GHW,SO4,338,3.0,1.5,222.0,2023.0,YNT,50.0,EW,710.0,R,0.0,0.0,23.792876712328766,12.633150684931508,2.0255068493150685,702.4,2625.0,840.6630136986302,-3216.0
2024,RMM,CS,TLFCS23338SNW,14.4,0,0.0,0.0,0.0,0.0,GHW,SO4,338,3.0,1.5,222.0,2023.0,YNT,50.0,EW,710.0,R,0.0,0.0,23.59535519125683,12.800819672131148,1.9520218579234971,662.6,2680.0,826.1639344262295,-3168.0
2025,RMM,CS,TLFCS23338SNW,14.4,0,0.0,9.0,0.0,0.0,GHW,SO4,338,3.0,1.5,222.0,2023.0,YNT,50.0,EW,710.0,R,0.0,0.0,24.061643835616437,12.527397260273972,2.161808219178082,233.6,2670.0,798.613698630137,-3325.0
2023,RMM,CS,TLFCS23338SSE,10.62,0,0.0,0.0,0.0,,GHW,SO4,338,3.0,1.5,222.0,2023.0,YNT,50.0,EW,705.0,R,0.0,0.0,23.792876712328766,12.633150684931508,2.0255068493150685,702.4,2625.0,840.6630136986302,-3216.0
2024,RMM,CS,TLFCS23338SSE,10.62,0,0.0,0.0,0.0,0.0,GHW,SO4,338,3.0,1.5,222.0,2023.0,YNT,50.0,EW,705.0,R,0.0,0.0,23.59535519125683,12.800819672131148,1.9520218579234971,662.6,2680.0,826.1639344262295,-3168.0
2025,RMM,CS,TLFCS23338SSE,10.62,0,0.0,7.0,0.0,0.0,GHW,SO4,338,3.0,1.5,222.0,2023.0,YNT,50.0,EW,705.0,R,0.0,0.0,24.061643835616437,12.527397260273972,2.161808219178082,233.6,2670.0,798.613698630137,-3325.0
2023,RMM,CS,TLFCS23338SSW,12.31,0,0.0,0.0,0.0,,GHW,SO4,338,3.0,1.5,222.0,2023.0,YNT,50.0,EW,705.0,R,0.0,0.0,23.792876712328766,12.633150684931508,2.0255068493150685,702.4,2625.0,840.6630136986302,-3216.0
2024,RMM,CS,TLFCS23338SSW,12.31,0,0.0,0.0,0.0,0.0,GHW,SO4,338,3.0,1.5,222.0,2023.0,YNT,50.0,EW,705.0,R,0.0,0.0,23.59535519125683,12.800819672131148,1.9520218579234971,662.6,2680.0,826.1639344262295,-3168.0
2025,RMM,CS,TLFCS23338SSW,12.31,0,0.0,8.0,0.0,0.0,GHW,SO4,338,3.0,1.5,222.0,2023.0,YNT,50.0,EW,705.0,R,0.0,0.0,24.061643835616437,12.527397260273972,2.161808219178082,233.6,2670.0,798.613698630137,-3325.0
2025,RMM,CS,TLFCS24338SE,9.0,0,0.0,0.0,0.0,,GHW,SO4,338,3.0,1.5,222.0,2024.0,YNT,50.0,EW,705.0,R,,,24.061643835616437,12.527397260273972,2.161808219178082,233.6,2670.0,798.613698630137,-3325.0
2025,RMM,CS,TLFCS24338SW,9.0,0,0.0,0.0,0.0,,GHW,SO4,338,3.0,1.5,222.0,2024.0,YNT,50.0,EW,705.0,R,,,24.061643835616437,12.527397260273972,2.161808219178082,233.6,2670.0,798.613698630137,-3325.0
