harvest_year,vineyard,n,mean_yield,std_yield,min_yield,max_yield,median_yield
2020,ELR,20,6.132,4.790959249076931,0.0,15.1,5.65
2020,ENZ,13,9.331538461538461,10.046936387239185,0.0,26.11,10.67
2020,RMM,31,6.428387096774194,6.246088427581,0.0,23.06,6.3
2021,ELR,20,7.143000000000001,5.675394815851094,0.0,19.39,5.955
2021,ENZ,13,8.806923076923077,9.142189184047936,0.0,24.62,11.29
2021,RMM,30,6.751333333333333,6.607643814674729,0.0,25.54,6.675
2022,ELR,20,5.3975,4.701778918664722,0.0,17.34,4.505
2022,ENZ,13,8.845384615384615,8.16825421513538,0.0,22.84,9.42
2022,RMM,30,7.1436666666666655,6.521755889716929,0.0,26.36,6.6
2023,ELR,24,3.5691666666666664,3.8339693549235307,0.0,13.2,2.9749999999999996
2023,ENZ,14,7.134285714285714,7.383671917752778,0.0,21.36,4.96
2023,RMM,33,7.004242424242425,4.860873783528425,0.0,20.26,6.74
2024,ELR,25,3.4284,3.679009921160855,0.0,12.6,2.9
2024,ENZ,14,7.714285714285714,6.80251278718241,0.0,20.04,7.33
2024,RMM,35,5.815428571428571,4.3799008468881375,0.0,15.74,4.44
2025,ELR,20,3.9629999999999996,4.417550047373841,0.0,15.52,2.71
2025,ENZ,14,7.078571428571428,5.776325498423393,0.0,16.76,7.880000000000001
2025,RMM,37,4.975675675675675,3.984325218584378,0.0,15.62,4.92
