harvest_year,vineyard,block,yield_estimation,yield_actual
2023,ELR,ELR23,0.0,0.0
2020,ELR,ELRCS04EE,7.0,5.63
2021,ELR,ELRCS04EE,14.48,9.03
2022,ELR,ELRCS04EE,11.0,4.09
2023,ELR,ELRCS04EE,6.5,2.63
2024,ELR,ELRCS04EE,5.0,2.42
2025,ELR,ELRCS04EE,5.0,2.84
2020,ELR,ELRCS04EEF,0.0,0.0
2021,ELR,ELRCS04EEF,0.0,0.0
2022,ELR,ELRCS04EEF,0.0,0.0
2023,ELR,ELRCS04EEF,0.0,0.0
2024,ELR,ELRCS04EEF,0.0,0.0
2025,ELR,ELRCS04EEF,0.0,0.0
2020,ELR,ELRCS04EEI,0.0,0.0
2021,ELR,ELRCS04EEI,0.0,0.0
2022,ELR,ELRCS04EEI,0.0,0.0
2023,ELR,ELRCS04EEI,0.0,0.0
2024,ELR,ELRCS04EEI,0.0,0.0
2025,ELR,ELRCS04EEI,0.0,0.0
2020,ELR,ELRCS04EW,7.0,7.37
2021,ELR,ELRCS04EW,9.2,8.18
2022,ELR,ELRCS04EW,8.0,6.03
2023,ELR,ELRCS04EW,7.1,4.8
2024,ELR,ELRCS04EW,7.0,4.18
2025,ELR,ELRCS04EW,2.0,8.08
2020,ELR,ELRCS04WE,5.0,3.31
2021,ELR,ELRCS04WE,6.23,5.05
2022,ELR,ELRCS04WE,5.0,3.02
2023,ELR,ELRCS04WE,3.9,1.98
2024,ELR,ELRCS04WE,3.0,1.84
2025,ELR,ELRCS04WE,2.0,3.02
2020,ELR,ELRCS04WW,6.0,5.11
2021,ELR,ELRCS04WW,5.25,5.37
2022,ELR,ELRCS04WW,5.0,2.43
2023,ELR,ELRCS04WW,4.5,3.26
2024,ELR,ELRCS04WW,4.0,2.9
2025,ELR,ELRCS04WW,3.0,5.94
2020,ELR,ELRCS0522E,6.0,5.67
2021,ELR,ELRCS0522E,11.48,6.08
2022,ELR,ELRCS0522E,7.0,4.92
2023,ELR,ELRCS0522E,8.2,3.1
2024,ELR,ELRCS0522E,5.0,4.58
2020,ELR,ELRCS0522W,6.0,5.76
2021,ELR,ELRCS0522W,11.06,7.61
2022,ELR,ELRCS0522W,6.0,6.1
2023,ELR,ELRCS0522W,7.9,3.54
2024,ELR,ELRCS0522W,6.0,5.24
2020,ELR,ELRCS05NE,10.0,5.92
2021,ELR,ELRCS05NE,9.48,5.83
2022,ELR,ELRCS05NE,5.0,5.24
2023,ELR,ELRCS05NE,7.9,4.1
2024,ELR,ELRCS05NE,5.0,4.44
2020,ELR,ELRCS05NW,5.0,2.91
2021,ELR,ELRCS05NW,5.09,4.88
2022,ELR,ELRCS05NW,3.0,3.32
2023,ELR,ELRCS05NW,5.7,2.72
2024,ELR,ELRCS05NW,3.0,3.06
2020,ELR,ELRCS09338SON,10.0,8.74
2021,ELR,ELRCS09338SON,8.47,7.6
2022,ELR,ELRCS09338SON,7.0,6.84
2023,ELR,ELRCS09338SON,8.1,5.2
2024,ELR,ELRCS09338SON,7.0,5.58
2025,ELR,ELRCS09338SON,6.0,6.06
2020,ELR,ELRCS09338SOSE,20.0,15.1
2021,ELR,ELRCS09338SOSE,15.97,19.39
2022,ELR,ELRCS09338SOSE,16.0,14.64
2023,ELR,ELRCS09338SOSE,16.4,13.2
2024,ELR,ELRCS09338SOSE,16.0,12.6
2025,ELR,ELRCS09338SOSE,10.0,9.62
2020,ELR,ELRCS09338SOSW,13.0,12.96
2021,ELR,ELRCS09338SOSW,13.25,12.06
2022,ELR,ELRCS09338SOSW,10.0,6.7
2023,ELR,ELRCS09338SOSW,12.1,7.5
2024,ELR,ELRCS09338SOSW,10.0,5.82
2025,ELR,ELRCS09338SOSW,5.0,6.3
2020,ELR,ELRCS1216914EF,5.0,5.19
2021,ELR,ELRCS1216914EF,5.04,4.04
2022,ELR,ELRCS1216914EF,6.0,4.09
2023,ELR,ELRCS1216914EF,4.3,3.07
2024,ELR,ELRCS1216914EF,4.0,2.94
2025,ELR,ELRCS1216914EF,4.0,2.5
2020,ELR,ELRCS1216914WI,5.0,3.33
2021,ELR,ELRCS1216914WI,4.2,2.86
2022,ELR,ELRCS1216914WI,4.0,3.17
2023,ELR,ELRCS1216914WI,3.3,2.88
2024,ELR,ELRCS1216914WI,3.0,2.18
2025,ELR,ELRCS1216914WI,3.0,2.58
2020,ELR,ELRCS12169P,12.0,13.11
2021,ELR,ELRCS12169P,13.2,15.48
2022,ELR,ELRCS12169P,13.0,9.37
2023,ELR,ELRCS12169P,8.3,6.37
2024,ELR,ELRCS12169P,10.0,8.81
2025,ELR,ELRCS12169P,11.0,9.68
2020,ELR,ELRCS12169PF,0.0,0.0
2021,ELR,ELRCS12169PF,0.0,0.0
2022,ELR,ELRCS12169PF,0.0,0.0
2023,ELR,ELRCS12169PF,0.0,0.0
2024,ELR,ELRCS12169PF,0.0,0.0
2025,ELR,ELRCS12169PF,0.0,0.0
2024,ELR,ELRCS12169PFOG1,0.0,0.0
2024,ELR,ELRCS12169PFOG2,0.0,0.0
2025,ELR,ELRCS12169PFOG2,0.0,0.0
2020,ELR,ELRCS12169PI,0.0,0.0
2021,ELR,ELRCS12169PI,0.0,0.0
2022,ELR,ELRCS12169PI,0.0,0.0
2023,ELR,ELRCS12169PI,0.0,0.0
2024,ELR,ELRCS12169PI,0.0,0.0
2025,ELR,ELRCS12169PI,0.0,0.0
2020,ELR,ELRCS12169R,15.0,14.44
2021,ELR,ELRCS12169R,13.32,13.84
2022,ELR,ELRCS12169R,13.0,10.65
2023,ELR,ELRCS12169R,13.3,8.41
2024,ELR,ELRCS12169R,9.0,7.5
2025,ELR,ELRCS12169R,10.0,7.12
2020,ELR,ELRCS16412S,8.0,8.09
2021,ELR,ELRCS16412S,13.2,15.56
2022,ELR,ELRCS16412S,20.0,17.34
2023,ELR,ELRCS16412S,11.7,12.9
2024,ELR,ELRCS16412S,16.0,11.62
2025,ELR,ELRCS16412S,16.0,15.52
2023,ELR,ELRCS23412RE,0.0,0.0
2024,ELR,ELRCS23412RE,0.0,0.0
2025,ELR,ELRCS23412RE,0.0,0.0
2023,ELR,ELRCS23412RP,0.0,0.0
2024,ELR,ELRCS23412RP,0.0,0.0
2025,ELR,ELRCS23412RP,0.0,0.0
2023,ELR,ELRCS23412RW,0.0,0.0
2024,ELR,ELRCS23412RW,0.0,0.0
2025,ELR,ELRCS23412RW,0.0,0.0
2020,ENZ,ENZCS0422,39.0,26.11
2021,ENZ,ENZCS0422,26.49,24.62
2022,ENZ,ENZCS0422,23.0,21.88
2023,ENZ,ENZCS0422,25.0,20.76
2024,ENZ,ENZCS0422,23.0,20.04
2025,ENZ,ENZCS0422,20.0,16.18
2020,ENZ,ENZCS0423,35.0,24.13
2021,ENZ,ENZCS0423,26.58,17.32
2022,ENZ,ENZCS0423,20.0,22.84
2023,ENZ,ENZCS0423,23.2,21.36
2024,ENZ,ENZCS0423,21.0,17.56
2025,ENZ,ENZCS0423,17.0,16.76
2020,ENZ,ENZCS06N,14.0,14.8
2021,ENZ,ENZCS06N,12.82,13.27
2022,ENZ,ENZCS06N,12.0,9.66
2023,ENZ,ENZCS06N,12.0,8.64
2024,ENZ,ENZCS06N,12.0,6.96
2025,ENZ,ENZCS06N,8.0,7.86
2020,ENZ,ENZCS06S,12.0,11.91
2021,ENZ,ENZCS06S,13.71,13.67
2022,ENZ,ENZCS06S,12.0,9.42
2023,ENZ,ENZCS06S,10.8,8.22
2024,ENZ,ENZCS06S,11.0,7.7
2025,ENZ,ENZCS06S,11.0,7.9
2020,ENZ,ENZCS06W,16.0,10.67
2021,ENZ,ENZCS06W,12.97,13.57
2022,ENZ,ENZCS06W,12.0,12.76
2023,ENZ,ENZCS06W,12.1,13.0
2024,ENZ,ENZCS06W,13.0,11.82
2025,ENZ,ENZCS06W,11.0,10.84
2020,ENZ,ENZCS09338SE,12.0,12.54
2021,ENZ,ENZCS09338SE,11.7,11.29
2022,ENZ,ENZCS09338SE,11.0,11.12
2023,ENZ,ENZCS09338SE,11.2,6.82
2024,ENZ,ENZCS09338SE,12.0,8.3
2025,ENZ,ENZCS09338SE,8.0,8.28
2020,ENZ,ENZCS09338SW,22.0,21.15
2021,ENZ,ENZCS09338SW,18.94,20.75
2022,ENZ,ENZCS09338SW,19.0,17.76
2023,ENZ,ENZCS09338SW,19.2,12.26
2024,ENZ,ENZCS09338SW,20.0,16.6
2025,ENZ,ENZCS09338SW,14.0,11.44
2020,ENZ,ENZCS09338SWF,0.0,0.0
2021,ENZ,ENZCS09338SWF,0.0,0.0
2022,ENZ,ENZCS09338SWF,0.0,0.0
2023,ENZ,ENZCS09338SWF,0.0,0.0
2024,ENZ,ENZCS09338SWF,0.0,0.0
2025,ENZ,ENZCS09338SWF,0.0,0.0
2020,ENZ,ENZCS09338SWI,0.0,0.0
2021,ENZ,ENZCS09338SWI,0.0,0.0
2022,ENZ,ENZCS09338SWI,0.0,0.0
2023,ENZ,ENZCS09338SWI,0.0,0.0
2024,ENZ,ENZCS09338SWI,0.0,0.0
2025,ENZ,ENZCS09338SWI,0.0,0.0
2020,ENZ,ENZCS1906S,0.0,0.0
2021,ENZ,ENZCS1906S,0.0,0.0
2022,ENZ,ENZCS1906S,4.0,2.99
2023,ENZ,ENZCS1906S,3.0,3.1
2024,ENZ,ENZCS1906S,5.0,4.88
2025,ENZ,ENZCS1906S,5.0,4.62
2020,ENZ,ENZCS19412R,0.0,0.0
2021,ENZ,ENZCS19412R,0.0,0.0
2022,ENZ,ENZCS19412R,0.0,0.0
2020,ENZ,ENZCS19412RE,0.0,0.0
2021,ENZ,ENZCS19412RE,0.0,0.0
2022,ENZ,ENZCS19412RE,4.0,2.06
2023,ENZ,ENZCS19412RE,2.1,3.06
2024,ENZ,ENZCS19412RE,5.0,4.94
2025,ENZ,ENZCS19412RE,5.0,4.94
2020,ENZ,ENZCS19412RW,0.0,0.0
2021,ENZ,ENZCS19412RW,0.0,0.0
2022,ENZ,ENZCS19412RW,2.0,4.5
2023,ENZ,ENZCS19412RW,4.5,2.66
2024,ENZ,ENZCS19412RW,7.0,9.2
2025,ENZ,ENZCS19412RW,8.0,10.28
2023,ENZ,ENZCS23412SE,0.0,0.0
2024,ENZ,ENZCS23412SE,0.0,0.0
2025,ENZ,ENZCS23412SE,0.0,0.0
2023,ENZ,ENZCS23412SW,0.0,0.0
2024,ENZ,ENZCS23412SW,0.0,0.0
2025,ENZ,ENZCS23412SW,0.0,0.0
2020,RMM,RMMCS20338SOM,0.0,0.0
2021,RMM,RMMCS20338SOM,0.0,0.0
2022,RMM,RMMCS20338SOM,0.0,0.0
2023,RMM,RMMCS20338SOM,10.5,9.46
2024,RMM,RMMCS20338SOM,12.0,11.72
2025,RMM,RMMCS20338SOM,13.0,8.06
2020,RMM,RMMCS20338SON,0.0,0.0
2021,RMM,RMMCS20338SON,0.0,0.0
2022,RMM,RMMCS20338SON,0.0,0.0
2023,RMM,RMMCS20338SON,7.0,7.82
2024,RMM,RMMCS20338SON,10.5,7.72
2025,RMM,RMMCS20338SON,12.0,7.92
2020,RMM,RMMCS20338SOSE,0.0,0.0
2021,RMM,RMMCS20338SOSE,0.0,0.0
2022,RMM,RMMCS20338SOSE,0.0,0.0
2023,RMM,RMMCS20338SOSE,12.4,9.28
2024,RMM,RMMCS20338SOSE,14.0,13.02
2025,RMM,RMMCS20338SOSE,14.0,7.74
2020,RMM,RMMCS20338SOSW,0.0,0.0
2021,RMM,RMMCS20338SOSW,0.0,0.0
2022,RMM,RMMCS20338SOSW,0.0,0.0
2023,RMM,RMMCS20338SOSW,11.0,8.62
2024,RMM,RMMCS20338SOSW,12.5,10.22
2025,RMM,RMMCS20338SOSW,12.0,8.26
2021,RMM,RMMCS21338S,0.0,0.0
2022,RMM,RMMCS21338S,0.0,0.0
2023,RMM,RMMCS21338S,0.0,0.0
2024,RMM,RMMCS21338S,14.5,15.74
2025,RMM,RMMCS21338S,18.0,11.98
2024,RMM,RMMCS21GREEN,0.0,0.0
2025,RMM,RMMCS21GREEN,0.0,0.0
2024,RMM,RMMCS21YELLOW,0.0,0.0
2025,RMM,RMMCS21YELLOW,0.0,0.0
2020,RMM,TLFCS05M,20.0,12.68
2021,RMM,TLFCS05M,11.23,14.67
2022,RMM,TLFCS05M,10.0,15.54
2023,RMM,TLFCS05M,14.3,12.72
2024,RMM,TLFCS05M,14.0,9.9
2025,RMM,TLFCS05M,17.0,8.04
2020,RMM,TLFCS05N,14.0,8.97
2021,RMM,TLFCS05N,9.03,9.64
2022,RMM,TLFCS05N,5.0,10.54
2023,RMM,TLFCS05N,9.9,8.66
2024,RMM,TLFCS05N,9.0,6.66
2025,RMM,TLFCS05N,12.0,5.6
2020,RMM,TLFCS05S,17.0,8.75
2021,RMM,TLFCS05S,7.95,9.03
2022,RMM,TLFCS05S,6.0,9.78
2023,RMM,TLFCS05S,10.5,8.92
2024,RMM,TLFCS05S,9.0,7.32
2025,RMM,TLFCS05S,14.0,6.6
2020,RMM,TLFCS06NN,15.0,12.72
2021,RMM,TLFCS06NN,14.31,13.91
2022,RMM,TLFCS06NN,10.0,15.78
2023,RMM,TLFCS06NN,14.4,12.66
2024,RMM,TLFCS06NN,14.0,11.54
2025,RMM,TLFCS06NN,16.0,5.3
2020,RMM,TLFCS06NS,11.0,9.54
2021,RMM,TLFCS06NS,8.82,11.13
2022,RMM,TLFCS06NS,6.0,12.72
2023,RMM,TLFCS06NS,10.4,11.22
2024,RMM,TLFCS06NS,11.0,9.42
2025,RMM,TLFCS06NS,9.0,4.62
2020,RMM,TLFCS09169P,5.0,5.39
2021,RMM,TLFCS09169P,5.04,5.81
2022,RMM,TLFCS09169P,6.0,6.6
2023,RMM,TLFCS09169P,5.9,5.92
2024,RMM,TLFCS09169P,6.0,3.88
2025,RMM,TLFCS09169P,5.0,2.98
2020,RMM,TLFCS09169RE,4.0,5.2
2021,RMM,TLFCS09169RE,4.8,4.77
2022,RMM,TLFCS09169RE,5.0,4.76
2023,RMM,TLFCS09169RE,5.0,5.26
2024,RMM,TLFCS09169RE,5.0,3.5
2025,RMM,TLFCS09169RE,4.0,2.22
2020,RMM,TLFCS09169RWZ,7.0,6.85
2021,RMM,TLFCS09169RWZ,6.48,6.96
2022,RMM,TLFCS09169RWZ,9.0,6.34
2023,RMM,TLFCS09169RWZ,7.0,7.04
2024,RMM,TLFCS09169RWZ,7.0,4.98
2025,RMM,TLFCS09169RWZ,6.0,3.62
2020,RMM,TLFCS09338PN,3.0,2.92
2021,RMM,TLFCS09338PN,2.88,3.16
2022,RMM,TLFCS09338PN,3.0,2.32
2023,RMM,TLFCS09338PN,2.9,2.02
2024,RMM,TLFCS09338PN,3.0,1.82
2025,RMM,TLFCS09338PN,3.0,1.58
2020,RMM,TLFCS09338PS,9.0,9.2
2021,RMM,TLFCS09338PS,9.04,10.22
2022,RMM,TLFCS09338PS,10.0,9.54
2023,RMM,TLFCS09338PS,9.6,7.94
2024,RMM,TLFCS09338PS,9.0,6.44
2025,RMM,TLFCS09338PS,9.0,5.2
2020,RMM,TLFCS09338PW,6.0,6.3
2021,RMM,TLFCS09338PW,5.74,6.39
2022,RMM,TLFCS09338PW,7.0,6.6
2023,RMM,TLFCS09338PW,6.5,6.58
2024,RMM,TLFCS09338PW,6.0,4.44
2025,RMM,TLFCS09338PW,6.0,3.5
2020,RMM,TLFCS09338RE,9.0,9.18
2021,RMM,TLFCS09338RE,8.19,8.62
2022,RMM,TLFCS09338RE,9.0,8.7
2023,RMM,TLFCS09338RE,8.9,9.96
2024,RMM,TLFCS09338RE,9.0,7.42
2025,RMM,TLFCS09338RE,6.0,4.58
2020,RMM,TLFCS09338RWZ,13.0,13.36
2021,RMM,TLFCS09338RWZ,13.2,11.39
2022,RMM,TLFCS09338RWZ,12.0,10.1
2023,RMM,TLFCS09338RWZ,12.1,11.5
2024,RMM,TLFCS09338RWZ,12.0,8.66
2025,RMM,TLFCS09338RWZ,8.0,5.58
2020,RMM,TLFCS09GOE,0.0,0.0
2020,RMM,TLFCS09GOW,0.0,0.0
2020,RMM,TLFCS10338R,23.0,23.06
2021,RMM,TLFCS10338R,22.32,25.54
2022,RMM,TLFCS10338R,23.0,26.36
2023,RMM,TLFCS10338R,25.4,20.26
2024,RMM,TLFCS10338R,24.0,12.88
2025,RMM,TLFCS10338R,21.0,15.62
2020,RMM,TLFCS1116914E,10.0,10.73
2021,RMM,TLFCS1116914E,9.92,9.29
2022,RMM,TLFCS1116914E,11.0,8.68
2023,RMM,TLFCS1116914E,9.8,7.84
2024,RMM,TLFCS1116914E,9.0,7.52
2025,RMM,TLFCS1116914E,6.0,6.52
2020,RMM,TLFCS1116914W,6.0,5.21
2021,RMM,TLFCS1116914W,4.32,4.57
2022,RMM,TLFCS1116914W,5.0,4.08
2023,RMM,TLFCS1116914W,4.8,4.0
2024,RMM,TLFCS1116914W,4.0,3.82
2025,RMM,TLFCS1116914W,4.0,3.34
2020,RMM,TLFCS11338SO,21.0,21.0
2021,RMM,TLFCS11338SO,20.13,22.06
2022,RMM,TLFCS11338SO,23.0,19.9
2023,RMM,TLFCS11338SO,21.9,18.12
2024,RMM,TLFCS11338SO,20.0,11.56
2025,RMM,TLFCS11338SO,18.0,14.58
2020,RMM,TLFCS1416914N,6.0,10.32
2021,RMM,TLFCS1416914N,8.68,9.41
2022,RMM,TLFCS1416914N,11.0,9.6
2023,RMM,TLFCS1416914N,9.6,6.74
2024,RMM,TLFCS1416914N,10.0,4.42
2025,RMM,TLFCS1416914N,13.0,9.8
2020,RMM,TLFCS1416914S,7.0,9.43
2021,RMM,TLFCS1416914S,7.57,8.2
2022,RMM,TLFCS1416914S,11.0,9.79
2023,RMM,TLFCS1416914S,9.0,3.24
2024,RMM,TLFCS1416914S,9.0,4.02
2025,RMM,TLFCS1416914S,11.0,7.18
2020,RMM,TLFCS1441214,7.0,8.47
2021,RMM,TLFCS1441214,8.32,7.77
2022,RMM,TLFCS1441214,8.0,9.94
2023,RMM,TLFCS1441214,9.1,6.42
2024,RMM,TLFCS1441214,9.0,3.84
2025,RMM,TLFCS1441214,9.0,6.6
2020,RMM,TLFCS19338S,0.0,0.0
2021,RMM,TLFCS19338S,0.0,0.0
2022,RMM,TLFCS19338S,3.0,1.26
2023,RMM,TLFCS19338S,3.5,3.92
2024,RMM,TLFCS19338S,4.0,2.04
2025,RMM,TLFCS19338S,4.0,2.84
2020,RMM,TLFCS19338SE,0.0,0.0
2021,RMM,TLFCS19338SE,0.0,0.0
2022,RMM,TLFCS19338SE,3.0,1.74
2023,RMM,TLFCS19338SE,4.0,4.26
2024,RMM,TLFCS19338SE,4.0,3.08
2025,RMM,TLFCS19338SE,5.0,4.92
2020,RMM,TLFCS19338SN,0.0,0.0
2021,RMM,TLFCS19338SN,0.0,0.0
2022,RMM,TLFCS19338SN,1.0,0.0
2020,RMM,TLFCS19338SS,0.0,0.0
2021,RMM,TLFCS19338SS,0.0,0.0
2022,RMM,TLFCS19338SS,1.0,1.36
2023,RMM,TLFCS19338SS,3.2,4.26
2024,RMM,TLFCS19338SS,4.0,2.66
2025,RMM,TLFCS19338SS,3.0,3.86
2020,RMM,TLFCS19338SW,0.0,0.0
2021,RMM,TLFCS19338SW,0.0,0.0
2022,RMM,TLFCS19338SW,3.0,2.28
2023,RMM,TLFCS19338SW,4.5,6.5
2024,RMM,TLFCS19338SW,7.0,3.3
2025,RMM,TLFCS19338SW,5.0,5.46
2023,RMM,TLFCS23338SNE,0.0,0.0
2024,RMM,TLFCS23338SNE,0.0,0.0
2025,RMM,TLFCS23338SNE,7.0,0.0
2023,RMM,TLFCS23338SNW,0.0,0.0
2024,RMM,TLFCS23338SNW,0.0,0.0
2025,RMM,TLFCS23338SNW,9.0,0.0
2023,RMM,TLFCS23338SSE,0.0,0.0
2024,RMM,TLFCS23338SSE,0.0,0.0
2025,RMM,TLFCS23338SSE,7.0,0.0
2023,RMM,TLFCS23338SSW,0.0,0.0
2024,RMM,TLFCS23338SSW,0.0,0.0
2025,RMM,TLFCS23338SSW,8.0,0.0
2025,RMM,TLFCS24338SE,0.0,0.0
2025,RMM,TLFCS24338SW,0.0,0.0
