harvest_year,vineyard,block,yield_estimation,yield_actual,prediction_error,abs_prediction_error
2023,ELR,ELR23,0.0,0.0,0.0,0.0
2020,ELR,ELRCS04EE,7.0,5.63,-1.37,1.37
2021,ELR,ELRCS04EE,14.48,9.03,-5.450000000000001,5.450000000000001
2022,ELR,ELRCS04EE,11.0,4.09,-6.91,6.91
2023,ELR,ELRCS04EE,6.5,2.63,-3.87,3.87
2024,ELR,ELRCS04EE,5.0,2.42,-2.58,2.58
2025,ELR,ELRCS04EE,5.0,2.84,-2.16,2.16
2020,ELR,ELRCS04EEF,0.0,0.0,0.0,0.0
2021,ELR,ELRCS04EEF,0.0,0.0,0.0,0.0
2022,ELR,ELRCS04EEF,0.0,0.0,0.0,0.0
2023,ELR,ELRCS04EEF,0.0,0.0,0.0,0.0
2024,ELR,ELRCS04EEF,0.0,0.0,0.0,0.0
2025,ELR,ELRCS04EEF,0.0,0.0,0.0,0.0
2020,ELR,ELRCS04EEI,0.0,0.0,0.0,0.0
2021,ELR,ELRCS04EEI,0.0,0.0,0.0,0.0
2022,ELR,ELRCS04EEI,0.0,0.0,0.0,0.0
2023,ELR,ELRCS04EEI,0.0,0.0,0.0,0.0
2024,ELR,ELRCS04EEI,0.0,0.0,0.0,0.0
2025,ELR,ELRCS04EEI,0.0,0.0,0.0,0.0
2020,ELR,ELRCS04EW,7.0,7.37,0.3700000000000001,0.3700000000000001
2021,ELR,ELRCS04EW,9.2,8.18,-1.0199999999999996,1.0199999999999996
2022,ELR,ELRCS04EW,8.0,6.03,-1.9699999999999998,1.9699999999999998
2023,ELR,ELRCS04EW,7.1,4.8,-2.3,2.3
2024,ELR,ELRCS04EW,7.0,4.18,-2.8200000000000003,2.8200000000000003
2025,ELR,ELRCS04EW,2.0,8.08,6.08,6.08
2020,ELR,ELRCS04WE,5.0,3.31,-1.69,1.69
2021,ELR,ELRCS04WE,6.23,5.05,-1.1800000000000006,1.1800000000000006
2022,ELR,ELRCS04WE,5.0,3.02,-1.98,1.98
2023,ELR,ELRCS04WE,3.9,1.98,-1.92,1.92
2024,ELR,ELRCS04WE,3.0,1.84,-1.16,1.16
2025,ELR,ELRCS04WE,2.0,3.02,1.02,1.02
2020,ELR,ELRCS04WW,6.0,5.11,-0.8899999999999997,0.8899999999999997
2021,ELR,ELRCS04WW,5.25,5.37,0.1200000000000001,0.1200000000000001
2022,ELR,ELRCS04WW,5.0,2.43,-2.57,2.57
2023,ELR,ELRCS04WW,4.5,3.26,-1.2400000000000002,1.2400000000000002
2024,ELR,ELRCS04WW,4.0,2.9,-1.1,1.1
2025,ELR,ELRCS04WW,3.0,5.94,2.9400000000000004,2.9400000000000004
2020,ELR,ELRCS0522E,6.0,5.67,-0.33000000000000007,0.33000000000000007
2021,ELR,ELRCS0522E,11.48,6.08,-5.4,5.4
2022,ELR,ELRCS0522E,7.0,4.92,-2.08,2.08
2023,ELR,ELRCS0522E,8.2,3.1,-5.1,5.1
2024,ELR,ELRCS0522E,5.0,4.58,-0.41999999999999993,0.41999999999999993
2020,ELR,ELRCS0522W,6.0,5.76,-0.2400000000000002,0.2400000000000002
2021,ELR,ELRCS0522W,11.06,7.61,-3.45,3.45
2022,ELR,ELRCS0522W,6.0,6.1,0.09999999999999964,0.09999999999999964
2023,ELR,ELRCS0522W,7.9,3.54,-4.36,4.36
2024,ELR,ELRCS0522W,6.0,5.24,-0.7599999999999998,0.7599999999999998
2020,ELR,ELRCS05NE,10.0,5.92,-4.08,4.08
2021,ELR,ELRCS05NE,9.48,5.83,-3.6500000000000004,3.6500000000000004
2022,ELR,ELRCS05NE,5.0,5.24,0.2400000000000002,0.2400000000000002
2023,ELR,ELRCS05NE,7.9,4.1,-3.8000000000000007,3.8000000000000007
2024,ELR,ELRCS05NE,5.0,4.44,-0.5599999999999996,0.5599999999999996
2020,ELR,ELRCS05NW,5.0,2.91,-2.09,2.09
2021,ELR,ELRCS05NW,5.09,4.88,-0.20999999999999996,0.20999999999999996
2022,ELR,ELRCS05NW,3.0,3.32,0.31999999999999984,0.31999999999999984
2023,ELR,ELRCS05NW,5.7,2.72,-2.98,2.98
2024,ELR,ELRCS05NW,3.0,3.06,0.06000000000000005,0.06000000000000005
2020,ELR,ELRCS09338SON,10.0,8.74,-1.2599999999999998,1.2599999999999998
2021,ELR,ELRCS09338SON,8.47,7.6,-0.870000000000001,0.870000000000001
2022,ELR,ELRCS09338SON,7.0,6.84,-0.16000000000000014,0.16000000000000014
2023,ELR,ELRCS09338SON,8.1,5.2,-2.8999999999999995,2.8999999999999995
2024,ELR,ELRCS09338SON,7.0,5.58,-1.42,1.42
2025,ELR,ELRCS09338SON,6.0,6.06,0.05999999999999961,0.05999999999999961
2020,ELR,ELRCS09338SOSE,20.0,15.1,-4.9,4.9
2021,ELR,ELRCS09338SOSE,15.97,19.39,3.42,3.42
2022,ELR,ELRCS09338SOSE,16.0,14.64,-1.3599999999999994,1.3599999999999994
2023,ELR,ELRCS09338SOSE,16.4,13.2,-3.1999999999999993,3.1999999999999993
2024,ELR,ELRCS09338SOSE,16.0,12.6,-3.4000000000000004,3.4000000000000004
2025,ELR,ELRCS09338SOSE,10.0,9.62,-0.3800000000000008,0.3800000000000008
2020,ELR,ELRCS09338SOSW,13.0,12.96,-0.03999999999999915,0.03999999999999915
2021,ELR,ELRCS09338SOSW,13.25,12.06,-1.1899999999999995,1.1899999999999995
2022,ELR,ELRCS09338SOSW,10.0,6.7,-3.3,3.3
2023,ELR,ELRCS09338SOSW,12.1,7.5,-4.6,4.6
2024,ELR,ELRCS09338SOSW,10.0,5.82,-4.18,4.18
2025,ELR,ELRCS09338SOSW,5.0,6.3,1.2999999999999998,1.2999999999999998
2020,ELR,ELRCS1216914EF,5.0,5.19,0.1900000000000004,0.1900000000000004
2021,ELR,ELRCS1216914EF,5.04,4.04,-1.0,1.0
2022,ELR,ELRCS1216914EF,6.0,4.09,-1.9100000000000001,1.9100000000000001
2023,ELR,ELRCS1216914EF,4.3,3.07,-1.23,1.23
2024,ELR,ELRCS1216914EF,4.0,2.94,-1.06,1.06
2025,ELR,ELRCS1216914EF,4.0,2.5,-1.5,1.5
2020,ELR,ELRCS1216914WI,5.0,3.33,-1.67,1.67
2021,ELR,ELRCS1216914WI,4.2,2.86,-1.3400000000000003,1.3400000000000003
2022,ELR,ELRCS1216914WI,4.0,3.17,-0.8300000000000001,0.8300000000000001
2023,ELR,ELRCS1216914WI,3.3,2.88,-0.41999999999999993,0.41999999999999993
2024,ELR,ELRCS1216914WI,3.0,2.18,-0.8199999999999998,0.8199999999999998
2025,ELR,ELRCS1216914WI,3.0,2.58,-0.41999999999999993,0.41999999999999993
2020,ELR,ELRCS12169P,12.0,13.11,1.1099999999999994,1.1099999999999994
2021,ELR,ELRCS12169P,13.2,15.48,2.280000000000001,2.280000000000001
2022,ELR,ELRCS12169P,13.0,9.37,-3.630000000000001,3.630000000000001
2023,ELR,ELRCS12169P,8.3,6.37,-1.9300000000000006,1.9300000000000006
2024,ELR,ELRCS12169P,10.0,8.81,-1.1899999999999995,1.1899999999999995
2025,ELR,ELRCS12169P,11.0,9.68,-1.3200000000000003,1.3200000000000003
2020,ELR,ELRCS12169PF,0.0,0.0,0.0,0.0
2021,ELR,ELRCS12169PF,0.0,0.0,0.0,0.0
2022,ELR,ELRCS12169PF,0.0,0.0,0.0,0.0
2023,ELR,ELRCS12169PF,0.0,0.0,0.0,0.0
2024,ELR,ELRCS12169PF,0.0,0.0,0.0,0.0
2025,ELR,ELRCS12169PF,0.0,0.0,0.0,0.0
2024,ELR,ELRCS12169PFOG1,0.0,0.0,0.0,0.0
2024,ELR,ELRCS12169PFOG2,0.0,0.0,0.0,0.0
2025,ELR,ELRCS12169PFOG2,0.0,0.0,0.0,0.0
2020,ELR,ELRCS12169PI,0.0,0.0,0.0,0.0
2021,ELR,ELRCS12169PI,0.0,0.0,0.0,0.0
2022,ELR,ELRCS12169PI,0.0,0.0,0.0,0.0
2023,ELR,ELRCS12169PI,0.0,0.0,0.0,0.0
2024,ELR,ELRCS12169PI,0.0,0.0,0.0,0.0
2025,ELR,ELRCS12169PI,0.0,0.0,0.0,0.0
2020,ELR,ELRCS12169R,15.0,14.44,-0.5600000000000005,0.5600000000000005
2021,ELR,ELRCS12169R,13.32,13.84,0.5199999999999996,0.5199999999999996
2022,ELR,ELRCS12169R,13.0,10.65,-2.3499999999999996,2.3499999999999996
2023,ELR,ELRCS12169R,13.3,8.41,-4.890000000000001,4.890000000000001
2024,ELR,ELRCS12169R,9.0,7.5,-1.5,1.5
2025,ELR,ELRCS12169R,10.0,7.12,-2.88,2.88
2020,ELR,ELRCS16412S,8.0,8.09,0.08999999999999986,0.08999999999999986
2021,ELR,ELRCS16412S,13.2,15.56,2.360000000000001,2.360000000000001
2022,ELR,ELRCS16412S,20.0,17.34,-2.66,2.66
2023,ELR,ELRCS16412S,11.7,12.9,1.200000000000001,1.200000000000001
2024,ELR,ELRCS16412S,16.0,11.62,-4.380000000000001,4.380000000000001
2025,ELR,ELRCS16412S,16.0,15.52,-0.4800000000000004,0.4800000000000004
2023,ELR,ELRCS23412RE,0.0,0.0,0.0,0.0
2024,ELR,ELRCS23412RE,0.0,0.0,0.0,0.0
2025,ELR,ELRCS23412RE,0.0,0.0,0.0,0.0
2023,ELR,ELRCS23412RP,0.0,0.0,0.0,0.0
2024,ELR,ELRCS23412RP,0.0,0.0,0.0,0.0
2025,ELR,ELRCS23412RP,0.0,0.0,0.0,0.0
2023,ELR,ELRCS23412RW,0.0,0.0,0.0,0.0
2024,ELR,ELRCS23412RW,0.0,0.0,0.0,0.0
2025,ELR,ELRCS23412RW,0.0,0.0,0.0,0.0
2020,ENZ,ENZCS0422,39.0,26.11,-12.89,12.89
2021,ENZ,ENZCS0422,26.49,24.62,-1.8699999999999974,1.8699999999999974
2022,ENZ,ENZCS0422,23.0,21.88,-1.120000000000001,1.120000000000001
2023,ENZ,ENZCS0422,25.0,20.76,-4.239999999999998,4.239999999999998
2024,ENZ,ENZCS0422,23.0,20.04,-2.960000000000001,2.960000000000001
2025,ENZ,ENZCS0422,20.0,16.18,-3.8200000000000003,3.8200000000000003
2020,ENZ,ENZCS0423,35.0,24.13,-10.870000000000001,10.870000000000001
2021,ENZ,ENZCS0423,26.58,17.32,-9.259999999999998,9.259999999999998
2022,ENZ,ENZCS0423,20.0,22.84,2.84,2.84
2023,ENZ,ENZCS0423,23.2,21.36,-1.8399999999999999,1.8399999999999999
2024,ENZ,ENZCS0423,21.0,17.56,-3.4400000000000013,3.4400000000000013
2025,ENZ,ENZCS0423,17.0,16.76,-0.23999999999999844,0.23999999999999844
2020,ENZ,ENZCS06N,14.0,14.8,0.8000000000000007,0.8000000000000007
2021,ENZ,ENZCS06N,12.82,13.27,0.4499999999999993,0.4499999999999993
2022,ENZ,ENZCS06N,12.0,9.66,-2.34,2.34
2023,ENZ,ENZCS06N,12.0,8.64,-3.3599999999999994,3.3599999999999994
2024,ENZ,ENZCS06N,12.0,6.96,-5.04,5.04
2025,ENZ,ENZCS06N,8.0,7.86,-0.13999999999999968,0.13999999999999968
2020,ENZ,ENZCS06S,12.0,11.91,-0.08999999999999986,0.08999999999999986
2021,ENZ,ENZCS06S,13.71,13.67,-0.040000000000000924,0.040000000000000924
2022,ENZ,ENZCS06S,12.0,9.42,-2.58,2.58
2023,ENZ,ENZCS06S,10.8,8.22,-2.58,2.58
2024,ENZ,ENZCS06S,11.0,7.7,-3.3,3.3
2025,ENZ,ENZCS06S,11.0,7.9,-3.0999999999999996,3.0999999999999996
2020,ENZ,ENZCS06W,16.0,10.67,-5.33,5.33
2021,ENZ,ENZCS06W,12.97,13.57,0.5999999999999996,0.5999999999999996
2022,ENZ,ENZCS06W,12.0,12.76,0.7599999999999998,0.7599999999999998
2023,ENZ,ENZCS06W,12.1,13.0,0.9000000000000004,0.9000000000000004
2024,ENZ,ENZCS06W,13.0,11.82,-1.1799999999999997,1.1799999999999997
2025,ENZ,ENZCS06W,11.0,10.84,-0.16000000000000014,0.16000000000000014
2020,ENZ,ENZCS09338SE,12.0,12.54,0.5399999999999991,0.5399999999999991
2021,ENZ,ENZCS09338SE,11.7,11.29,-0.41000000000000014,0.41000000000000014
2022,ENZ,ENZCS09338SE,11.0,11.12,0.11999999999999922,0.11999999999999922
2023,ENZ,ENZCS09338SE,11.2,6.82,-4.379999999999999,4.379999999999999
2024,ENZ,ENZCS09338SE,12.0,8.3,-3.6999999999999993,3.6999999999999993
2025,ENZ,ENZCS09338SE,8.0,8.28,0.27999999999999936,0.27999999999999936
2020,ENZ,ENZCS09338SW,22.0,21.15,-0.8500000000000014,0.8500000000000014
2021,ENZ,ENZCS09338SW,18.94,20.75,1.8099999999999987,1.8099999999999987
2022,ENZ,ENZCS09338SW,19.0,17.76,-1.2399999999999984,1.2399999999999984
2023,ENZ,ENZCS09338SW,19.2,12.26,-6.9399999999999995,6.9399999999999995
2024,ENZ,ENZCS09338SW,20.0,16.6,-3.3999999999999986,3.3999999999999986
2025,ENZ,ENZCS09338SW,14.0,11.44,-2.5600000000000005,2.5600000000000005
2020,ENZ,ENZCS09338SWF,0.0,0.0,0.0,0.0
2021,ENZ,ENZCS09338SWF,0.0,0.0,0.0,0.0
2022,ENZ,ENZCS09338SWF,0.0,0.0,0.0,0.0
2023,ENZ,ENZCS09338SWF,0.0,0.0,0.0,0.0
2024,ENZ,ENZCS09338SWF,0.0,0.0,0.0,0.0
2025,ENZ,ENZCS09338SWF,0.0,0.0,0.0,0.0
2020,ENZ,ENZCS09338SWI,0.0,0.0,0.0,0.0
2021,ENZ,ENZCS09338SWI,0.0,0.0,0.0,0.0
2022,ENZ,ENZCS09338SWI,0.0,0.0,0.0,0.0
2023,ENZ,ENZCS09338SWI,0.0,0.0,0.0,0.0
2024,ENZ,ENZCS09338SWI,0.0,0.0,0.0,0.0
2025,ENZ,ENZCS09338SWI,0.0,0.0,0.0,0.0
2020,ENZ,ENZCS1906S,0.0,0.0,0.0,0.0
2021,ENZ,ENZCS1906S,0.0,0.0,0.0,0.0
2022,ENZ,ENZCS1906S,4.0,2.99,-1.0099999999999998,1.0099999999999998
2023,ENZ,ENZCS1906S,3.0,3.1,0.10000000000000009,0.10000000000000009
2024,ENZ,ENZCS1906S,5.0,4.88,-0.1200000000000001,0.1200000000000001
2025,ENZ,ENZCS1906S,5.0,4.62,-0.3799999999999999,0.3799999999999999
2020,ENZ,ENZCS19412R,0.0,0.0,0.0,0.0
2021,ENZ,ENZCS19412R,0.0,0.0,0.0,0.0
2022,ENZ,ENZCS19412R,0.0,0.0,0.0,0.0
2020,ENZ,ENZCS19412RE,0.0,0.0,0.0,0.0
2021,ENZ,ENZCS19412RE,0.0,0.0,0.0,0.0
2022,ENZ,ENZCS19412RE,4.0,2.06,-1.94,1.94
2023,ENZ,ENZCS19412RE,2.1,3.06,0.96,0.96
2024,ENZ,ENZCS19412RE,5.0,4.94,-0.05999999999999961,0.05999999999999961
2025,ENZ,ENZCS19412RE,5.0,4.94,-0.05999999999999961,0.05999999999999961
2020,ENZ,ENZCS19412RW,0.0,0.0,0.0,0.0
2021,ENZ,ENZCS19412RW,0.0,0.0,0.0,0.0
2022,ENZ,ENZCS19412RW,2.0,4.5,2.5,2.5
2023,ENZ,ENZCS19412RW,4.5,2.66,-1.8399999999999999,1.8399999999999999
2024,ENZ,ENZCS19412RW,7.0,9.2,2.1999999999999993,2.1999999999999993
2025,ENZ,ENZCS19412RW,8.0,10.28,2.2799999999999994,2.2799999999999994
2023,ENZ,ENZCS23412SE,0.0,0.0,0.0,0.0
2024,ENZ,ENZCS23412SE,0.0,0.0,0.0,0.0
2025,ENZ,ENZCS23412SE,0.0,0.0,0.0,0.0
2023,ENZ,ENZCS23412SW,0.0,0.0,0.0,0.0
2024,ENZ,ENZCS23412SW,0.0,0.0,0.0,0.0
2025,ENZ,ENZCS23412SW,0.0,0.0,0.0,0.0
2020,RMM,RMMCS20338SOM,0.0,0.0,0.0,0.0
2021,RMM,RMMCS20338SOM,0.0,0.0,0.0,0.0
2022,RMM,RMMCS20338SOM,0.0,0.0,0.0,0.0
2023,RMM,RMMCS20338SOM,10.5,9.46,-1.0399999999999991,1.0399999999999991
2024,RMM,RMMCS20338SOM,12.0,11.72,-0.27999999999999936,0.27999999999999936
2025,RMM,RMMCS20338SOM,13.0,8.06,-4.9399999999999995,4.9399999999999995
2020,RMM,RMMCS20338SON,0.0,0.0,0.0,0.0
2021,RMM,RMMCS20338SON,0.0,0.0,0.0,0.0
2022,RMM,RMMCS20338SON,0.0,0.0,0.0,0.0
2023,RMM,RMMCS20338SON,7.0,7.82,0.8200000000000003,0.8200000000000003
2024,RMM,RMMCS20338SON,10.5,7.72,-2.7800000000000002,2.7800000000000002
2025,RMM,RMMCS20338SON,12.0,7.92,-4.08,4.08
2020,RMM,RMMCS20338SOSE,0.0,0.0,0.0,0.0
2021,RMM,RMMCS20338SOSE,0.0,0.0,0.0,0.0
2022,RMM,RMMCS20338SOSE,0.0,0.0,0.0,0.0
2023,RMM,RMMCS20338SOSE,12.4,9.28,-3.120000000000001,3.120000000000001
2024,RMM,RMMCS20338SOSE,14.0,13.02,-0.9800000000000004,0.9800000000000004
2025,RMM,RMMCS20338SOSE,14.0,7.74,-6.26,6.26
2020,RMM,RMMCS20338SOSW,0.0,0.0,0.0,0.0
2021,RMM,RMMCS20338SOSW,0.0,0.0,0.0,0.0
2022,RMM,RMMCS20338SOSW,0.0,0.0,0.0,0.0
2023,RMM,RMMCS20338SOSW,11.0,8.62,-2.380000000000001,2.380000000000001
2024,RMM,RMMCS20338SOSW,12.5,10.22,-2.2799999999999994,2.2799999999999994
2025,RMM,RMMCS20338SOSW,12.0,8.26,-3.74,3.74
2021,RMM,RMMCS21338S,0.0,0.0,0.0,0.0
2022,RMM,RMMCS21338S,0.0,0.0,0.0,0.0
2023,RMM,RMMCS21338S,0.0,0.0,0.0,0.0
2024,RMM,RMMCS21338S,14.5,15.74,1.2400000000000002,1.2400000000000002
2025,RMM,RMMCS21338S,18.0,11.98,-6.02,6.02
2024,RMM,RMMCS21GREEN,0.0,0.0,0.0,0.0
2025,RMM,RMMCS21GREEN,0.0,0.0,0.0,0.0
2024,RMM,RMMCS21YELLOW,0.0,0.0,0.0,0.0
2025,RMM,RMMCS21YELLOW,0.0,0.0,0.0,0.0
2020,RMM,TLFCS05M,20.0,12.68,-7.32,7.32
2021,RMM,TLFCS05M,11.23,14.67,3.4399999999999995,3.4399999999999995
2022,RMM,TLFCS05M,10.0,15.54,5.539999999999999,5.539999999999999
2023,RMM,TLFCS05M,14.3,12.72,-1.58,1.58
2024,RMM,TLFCS05M,14.0,9.9,-4.1,4.1
2025,RMM,TLFCS05M,17.0,8.04,-8.96,8.96
2020,RMM,TLFCS05N,14.0,8.97,-5.029999999999999,5.029999999999999
2021,RMM,TLFCS05N,9.03,9.64,0.6100000000000012,0.6100000000000012
2022,RMM,TLFCS05N,5.0,10.54,5.539999999999999,5.539999999999999
2023,RMM,TLFCS05N,9.9,8.66,-1.2400000000000002,1.2400000000000002
2024,RMM,TLFCS05N,9.0,6.66,-2.34,2.34
2025,RMM,TLFCS05N,12.0,5.6,-6.4,6.4
2020,RMM,TLFCS05S,17.0,8.75,-8.25,8.25
2021,RMM,TLFCS05S,7.95,9.03,1.0799999999999992,1.0799999999999992
2022,RMM,TLFCS05S,6.0,9.78,3.7799999999999994,3.7799999999999994
2023,RMM,TLFCS05S,10.5,8.92,-1.58,1.58
2024,RMM,TLFCS05S,9.0,7.32,-1.6799999999999997,1.6799999999999997
2025,RMM,TLFCS05S,14.0,6.6,-7.4,7.4
2020,RMM,TLFCS06NN,15.0,12.72,-2.2799999999999994,2.2799999999999994
2021,RMM,TLFCS06NN,14.31,13.91,-0.40000000000000036,0.40000000000000036
2022,RMM,TLFCS06NN,10.0,15.78,5.779999999999999,5.779999999999999
2023,RMM,TLFCS06NN,14.4,12.66,-1.7400000000000002,1.7400000000000002
2024,RMM,TLFCS06NN,14.0,11.54,-2.460000000000001,2.460000000000001
2025,RMM,TLFCS06NN,16.0,5.3,-10.7,10.7
2020,RMM,TLFCS06NS,11.0,9.54,-1.4600000000000009,1.4600000000000009
2021,RMM,TLFCS06NS,8.82,11.13,2.3100000000000005,2.3100000000000005
2022,RMM,TLFCS06NS,6.0,12.72,6.720000000000001,6.720000000000001
2023,RMM,TLFCS06NS,10.4,11.22,0.8200000000000003,0.8200000000000003
2024,RMM,TLFCS06NS,11.0,9.42,-1.58,1.58
2025,RMM,TLFCS06NS,9.0,4.62,-4.38,4.38
2020,RMM,TLFCS09169P,5.0,5.39,0.3899999999999997,0.3899999999999997
2021,RMM,TLFCS09169P,5.04,5.81,0.7699999999999996,0.7699999999999996
2022,RMM,TLFCS09169P,6.0,6.6,0.5999999999999996,0.5999999999999996
2023,RMM,TLFCS09169P,5.9,5.92,0.019999999999999574,0.019999999999999574
2024,RMM,TLFCS09169P,6.0,3.88,-2.12,2.12
2025,RMM,TLFCS09169P,5.0,2.98,-2.02,2.02
2020,RMM,TLFCS09169RE,4.0,5.2,1.2000000000000002,1.2000000000000002
2021,RMM,TLFCS09169RE,4.8,4.77,-0.03000000000000025,0.03000000000000025
2022,RMM,TLFCS09169RE,5.0,4.76,-0.2400000000000002,0.2400000000000002
2023,RMM,TLFCS09169RE,5.0,5.26,0.2599999999999998,0.2599999999999998
2024,RMM,TLFCS09169RE,5.0,3.5,-1.5,1.5
2025,RMM,TLFCS09169RE,4.0,2.22,-1.7799999999999998,1.7799999999999998
2020,RMM,TLFCS09169RWZ,7.0,6.85,-0.15000000000000036,0.15000000000000036
2021,RMM,TLFCS09169RWZ,6.48,6.96,0.47999999999999954,0.47999999999999954
2022,RMM,TLFCS09169RWZ,9.0,6.34,-2.66,2.66
2023,RMM,TLFCS09169RWZ,7.0,7.04,0.040000000000000036,0.040000000000000036
2024,RMM,TLFCS09169RWZ,7.0,4.98,-2.0199999999999996,2.0199999999999996
2025,RMM,TLFCS09169RWZ,6.0,3.62,-2.38,2.38
2020,RMM,TLFCS09338PN,3.0,2.92,-0.08000000000000007,0.08000000000000007
2021,RMM,TLFCS09338PN,2.88,3.16,0.28000000000000025,0.28000000000000025
2022,RMM,TLFCS09338PN,3.0,2.32,-0.6800000000000002,0.6800000000000002
2023,RMM,TLFCS09338PN,2.9,2.02,-0.8799999999999999,0.8799999999999999
2024,RMM,TLFCS09338PN,3.0,1.82,-1.18,1.18
2025,RMM,TLFCS09338PN,3.0,1.58,-1.42,1.42
2020,RMM,TLFCS09338PS,9.0,9.2,0.1999999999999993,0.1999999999999993
2021,RMM,TLFCS09338PS,9.04,10.22,1.1800000000000015,1.1800000000000015
2022,RMM,TLFCS09338PS,10.0,9.54,-0.46000000000000085,0.46000000000000085
2023,RMM,TLFCS09338PS,9.6,7.94,-1.6599999999999993,1.6599999999999993
2024,RMM,TLFCS09338PS,9.0,6.44,-2.5599999999999996,2.5599999999999996
2025,RMM,TLFCS09338PS,9.0,5.2,-3.8,3.8
2020,RMM,TLFCS09338PW,6.0,6.3,0.2999999999999998,0.2999999999999998
2021,RMM,TLFCS09338PW,5.74,6.39,0.6499999999999995,0.6499999999999995
2022,RMM,TLFCS09338PW,7.0,6.6,-0.40000000000000036,0.40000000000000036
2023,RMM,TLFCS09338PW,6.5,6.58,0.08000000000000007,0.08000000000000007
2024,RMM,TLFCS09338PW,6.0,4.44,-1.5599999999999996,1.5599999999999996
2025,RMM,TLFCS09338PW,6.0,3.5,-2.5,2.5
2020,RMM,TLFCS09338RE,9.0,9.18,0.17999999999999972,0.17999999999999972
2021,RMM,TLFCS09338RE,8.19,8.62,0.4299999999999997,0.4299999999999997
2022,RMM,TLFCS09338RE,9.0,8.7,-0.3000000000000007,0.3000000000000007
2023,RMM,TLFCS09338RE,8.9,9.96,1.0600000000000005,1.0600000000000005
2024,RMM,TLFCS09338RE,9.0,7.42,-1.58,1.58
2025,RMM,TLFCS09338RE,6.0,4.58,-1.42,1.42
2020,RMM,TLFCS09338RWZ,13.0,13.36,0.35999999999999943,0.35999999999999943
2021,RMM,TLFCS09338RWZ,13.2,11.39,-1.8099999999999987,1.8099999999999987
2022,RMM,TLFCS09338RWZ,12.0,10.1,-1.9000000000000004,1.9000000000000004
2023,RMM,TLFCS09338RWZ,12.1,11.5,-0.5999999999999996,0.5999999999999996
2024,RMM,TLFCS09338RWZ,12.0,8.66,-3.34,3.34
2025,RMM,TLFCS09338RWZ,8.0,5.58,-2.42,2.42
2020,RMM,TLFCS09GOE,0.0,0.0,0.0,0.0
2020,RMM,TLFCS09GOW,0.0,0.0,0.0,0.0
2020,RMM,TLFCS10338R,23.0,23.06,0.05999999999999872,0.05999999999999872
2021,RMM,TLFCS10338R,22.32,25.54,3.219999999999999,3.219999999999999
2022,RMM,TLFCS10338R,23.0,26.36,3.3599999999999994,3.3599999999999994
2023,RMM,TLFCS10338R,25.4,20.26,-5.139999999999997,5.139999999999997
2024,RMM,TLFCS10338R,24.0,12.88,-11.12,11.12
2025,RMM,TLFCS10338R,21.0,15.62,-5.380000000000001,5.380000000000001
2020,RMM,TLFCS1116914E,10.0,10.73,0.7300000000000004,0.7300000000000004
2021,RMM,TLFCS1116914E,9.92,9.29,-0.6300000000000008,0.6300000000000008
2022,RMM,TLFCS1116914E,11.0,8.68,-2.3200000000000003,2.3200000000000003
2023,RMM,TLFCS1116914E,9.8,7.84,-1.9600000000000009,1.9600000000000009
2024,RMM,TLFCS1116914E,9.0,7.52,-1.4800000000000004,1.4800000000000004
2025,RMM,TLFCS1116914E,6.0,6.52,0.5199999999999996,0.5199999999999996
2020,RMM,TLFCS1116914W,6.0,5.21,-0.79,0.79
2021,RMM,TLFCS1116914W,4.32,4.57,0.25,0.25
2022,RMM,TLFCS1116914W,5.0,4.08,-0.9199999999999999,0.9199999999999999
2023,RMM,TLFCS1116914W,4.8,4.0,-0.7999999999999998,0.7999999999999998
2024,RMM,TLFCS1116914W,4.0,3.82,-0.18000000000000016,0.18000000000000016
2025,RMM,TLFCS1116914W,4.0,3.34,-0.6600000000000001,0.6600000000000001
2020,RMM,TLFCS11338SO,21.0,21.0,0.0,0.0
2021,RMM,TLFCS11338SO,20.13,22.06,1.9299999999999997,1.9299999999999997
2022,RMM,TLFCS11338SO,23.0,19.9,-3.1000000000000014,3.1000000000000014
2023,RMM,TLFCS11338SO,21.9,18.12,-3.7799999999999976,3.7799999999999976
2024,RMM,TLFCS11338SO,20.0,11.56,-8.44,8.44
2025,RMM,TLFCS11338SO,18.0,14.58,-3.42,3.42
2020,RMM,TLFCS1416914N,6.0,10.32,4.32,4.32
2021,RMM,TLFCS1416914N,8.68,9.41,0.7300000000000004,0.7300000000000004
2022,RMM,TLFCS1416914N,11.0,9.6,-1.4000000000000004,1.4000000000000004
2023,RMM,TLFCS1416914N,9.6,6.74,-2.8599999999999994,2.8599999999999994
2024,RMM,TLFCS1416914N,10.0,4.42,-5.58,5.58
2025,RMM,TLFCS1416914N,13.0,9.8,-3.1999999999999993,3.1999999999999993
2020,RMM,TLFCS1416914S,7.0,9.43,2.4299999999999997,2.4299999999999997
2021,RMM,TLFCS1416914S,7.57,8.2,0.629999999999999,0.629999999999999
2022,RMM,TLFCS1416914S,11.0,9.79,-1.2100000000000009,1.2100000000000009
2023,RMM,TLFCS1416914S,9.0,3.24,-5.76,5.76
2024,RMM,TLFCS1416914S,9.0,4.02,-4.98,4.98
2025,RMM,TLFCS1416914S,11.0,7.18,-3.8200000000000003,3.8200000000000003
2020,RMM,TLFCS1441214,7.0,8.47,1.4700000000000006,1.4700000000000006
2021,RMM,TLFCS1441214,8.32,7.77,-0.5500000000000007,0.5500000000000007
2022,RMM,TLFCS1441214,8.0,9.94,1.9399999999999995,1.9399999999999995
2023,RMM,TLFCS1441214,9.1,6.42,-2.6799999999999997,2.6799999999999997
2024,RMM,TLFCS1441214,9.0,3.84,-5.16,5.16
2025,RMM,TLFCS1441214,9.0,6.6,-2.4000000000000004,2.4000000000000004
2020,RMM,TLFCS19338S,0.0,0.0,0.0,0.0
2021,RMM,TLFCS19338S,0.0,0.0,0.0,0.0
2022,RMM,TLFCS19338S,3.0,1.26,-1.74,1.74
2023,RMM,TLFCS19338S,3.5,3.92,0.41999999999999993,0.41999999999999993
2024,RMM,TLFCS19338S,4.0,2.04,-1.96,1.96
2025,RMM,TLFCS19338S,4.0,2.84,-1.1600000000000001,1.1600000000000001
2020,RMM,TLFCS19338SE,0.0,0.0,0.0,0.0
2021,RMM,TLFCS19338SE,0.0,0.0,0.0,0.0
2022,RMM,TLFCS19338SE,3.0,1.74,-1.26,1.26
2023,RMM,TLFCS19338SE,4.0,4.26,0.2599999999999998,0.2599999999999998
2024,RMM,TLFCS19338SE,4.0,3.08,-0.9199999999999999,0.9199999999999999
2025,RMM,TLFCS19338SE,5.0,4.92,-0.08000000000000007,0.08000000000000007
2020,RMM,TLFCS19338SN,0.0,0.0,0.0,0.0
2021,RMM,TLFCS19338SN,0.0,0.0,0.0,0.0
2022,RMM,TLFCS19338SN,1.0,0.0,-1.0,1.0
2020,RMM,TLFCS19338SS,0.0,0.0,0.0,0.0
2021,RMM,TLFCS19338SS,0.0,0.0,0.0,0.0
2022,RMM,TLFCS19338SS,1.0,1.36,0.3600000000000001,0.3600000000000001
2023,RMM,TLFCS19338SS,3.2,4.26,1.0599999999999996,1.0599999999999996
2024,RMM,TLFCS19338SS,4.0,2.66,-1.3399999999999999,1.3399999999999999
2025,RMM,TLFCS19338SS,3.0,3.86,0.8599999999999999,0.8599999999999999
2020,RMM,TLFCS19338SW,0.0,0.0,0.0,0.0
2021,RMM,TLFCS19338SW,0.0,0.0,0.0,0.0
2022,RMM,TLFCS19338SW,3.0,2.28,-0.7200000000000002,0.7200000000000002
2023,RMM,TLFCS19338SW,4.5,6.5,2.0,2.0
2024,RMM,TLFCS19338SW,7.0,3.3,-3.7,3.7
2025,RMM,TLFCS19338SW,5.0,5.46,0.45999999999999996,0.45999999999999996
2023,RMM,TLFCS23338SNE,0.0,0.0,0.0,0.0
2024,RMM,TLFCS23338SNE,0.0,0.0,0.0,0.0
2025,RMM,TLFCS23338SNE,7.0,0.0,-7.0,7.0
2023,RMM,TLFCS23338SNW,0.0,0.0,0.0,0.0
2024,RMM,TLFCS23338SNW,0.0,0.0,0.0,0.0
2025,RMM,TLFCS23338SNW,9.0,0.0,-9.0,9.0
2023,RMM,TLFCS23338SSE,0.0,0.0,0.0,0.0
2024,RMM,TLFCS23338SSE,0.0,0.0,0.0,0.0
2025,RMM,TLFCS23338SSE,7.0,0.0,-7.0,7.0
2023,RMM,TLFCS23338SSW,0.0,0.0,0.0,0.0
2024,RMM,TLFCS23338SSW,0.0,0.0,0.0,0.0
2025,RMM,TLFCS23338SSW,8.0,0.0,-8.0,8.0
2025,RMM,TLFCS24338SE,0.0,0.0,0.0,0.0
2025,RMM,TLFCS24338SW,0.0,0.0,0.0,0.0
