harvest_year,vineyard,block,yield_prev_year,yield_actual
2021,ELR,ELRCS04EE,5.63,9.03
2022,ELR,ELRCS04EE,9.03,4.09
2023,ELR,ELRCS04EE,4.09,2.63
2024,ELR,ELRCS04EE,2.63,2.42
2025,ELR,ELRCS04EE,2.42,2.84
2021,ELR,ELRCS04EEF,0.0,0.0
2022,ELR,ELRCS04EEF,0.0,0.0
2023,ELR,ELRCS04EEF,0.0,0.0
2024,ELR,ELRCS04EEF,0.0,0.0
2025,ELR,ELRCS04EEF,0.0,0.0
2021,ELR,ELRCS04EEI,0.0,0.0
2022,ELR,ELRCS04EEI,0.0,0.0
2023,ELR,ELRCS04EEI,0.0,0.0
2024,ELR,ELRCS04EEI,0.0,0.0
2025,ELR,ELRCS04EEI,0.0,0.0
2021,ELR,ELRCS04EW,7.37,8.18
2022,ELR,ELRCS04EW,8.18,6.03
2023,ELR,ELRCS04EW,6.03,4.8
2024,ELR,ELRCS04EW,4.8,4.18
2025,ELR,ELRCS04EW,4.18,8.08
2021,ELR,ELRCS04WE,3.31,5.05
2022,ELR,ELRCS04WE,5.05,3.02
2023,ELR,ELRCS04WE,3.02,1.98
2024,ELR,ELRCS04WE,1.98,1.84
2025,ELR,ELRCS04WE,1.84,3.02
2021,ELR,ELRCS04WW,5.11,5.37
2022,ELR,ELRCS04WW,5.37,2.43
2023,ELR,ELRCS04WW,2.43,3.26
2024,ELR,ELRCS04WW,3.26,2.9
2025,ELR,ELRCS04WW,2.9,5.94
2021,ELR,ELRCS0522E,5.67,6.08
2022,ELR,ELRCS0522E,6.08,4.92
2023,ELR,ELRCS0522E,4.92,3.1
2024,ELR,ELRCS0522E,3.1,4.58
2021,ELR,ELRCS0522W,5.76,7.61
2022,ELR,ELRCS0522W,7.61,6.1
2023,ELR,ELRCS0522W,6.1,3.54
2024,ELR,ELRCS0522W,3.54,5.24
2021,ELR,ELRCS05NE,5.92,5.83
2022,ELR,ELRCS05NE,5.83,5.24
2023,ELR,ELRCS05NE,5.24,4.1
2024,ELR,ELRCS05NE,4.1,4.44
2021,ELR,ELRCS05NW,2.91,4.88
2022,ELR,ELRCS05NW,4.88,3.32
2023,ELR,ELRCS05NW,3.32,2.72
2024,ELR,ELRCS05NW,2.72,3.06
2021,ELR,ELRCS09338SON,8.74,7.6
2022,ELR,ELRCS09338SON,7.6,6.84
2023,ELR,ELRCS09338SON,6.84,5.2
2024,ELR,ELRCS09338SON,5.2,5.58
2025,ELR,ELRCS09338SON,5.58,6.06
2021,ELR,ELRCS09338SOSE,15.1,19.39
2022,ELR,ELRCS09338SOSE,19.39,14.64
2023,ELR,ELRCS09338SOSE,14.64,13.2
2024,ELR,ELRCS09338SOSE,13.2,12.6
2025,ELR,ELRCS09338SOSE,12.6,9.62
2021,ELR,ELRCS09338SOSW,12.96,12.06
2022,ELR,ELRCS09338SOSW,12.06,6.7
2023,ELR,ELRCS09338SOSW,6.7,7.5
2024,ELR,ELRCS09338SOSW,7.5,5.82
2025,ELR,ELRCS09338SOSW,5.82,6.3
2021,ELR,ELRCS1216914EF,5.19,4.04
2022,ELR,ELRCS1216914EF,4.04,4.09
2023,ELR,ELRCS1216914EF,4.09,3.07
2024,ELR,ELRCS1216914EF,3.07,2.94
2025,ELR,ELRCS1216914EF,2.94,2.5
2021,ELR,ELRCS1216914WI,3.33,2.86
2022,ELR,ELRCS1216914WI,2.86,3.17
2023,ELR,ELRCS1216914WI,3.17,2.88
2024,ELR,ELRCS1216914WI,2.88,2.18
2025,ELR,ELRCS1216914WI,2.18,2.58
2021,ELR,ELRCS12169P,13.11,15.48
2022,ELR,ELRCS12169P,15.48,9.37
2023,ELR,ELRCS12169P,9.37,6.37
2024,ELR,ELRCS12169P,6.37,8.81
2025,ELR,ELRCS12169P,8.81,9.68
2021,ELR,ELRCS12169PF,0.0,0.0
2022,ELR,ELRCS12169PF,0.0,0.0
2023,ELR,ELRCS12169PF,0.0,0.0
2024,ELR,ELRCS12169PF,0.0,0.0
2025,ELR,ELRCS12169PF,0.0,0.0
2025,ELR,ELRCS12169PFOG2,0.0,0.0
2021,ELR,ELRCS12169PI,0.0,0.0
2022,ELR,ELRCS12169PI,0.0,0.0
2023,ELR,ELRCS12169PI,0.0,0.0
2024,ELR,ELRCS12169PI,0.0,0.0
2025,ELR,ELRCS12169PI,0.0,0.0
2021,ELR,ELRCS12169R,14.44,13.84
2022,ELR,ELRCS12169R,13.84,10.65
2023,ELR,ELRCS12169R,10.65,8.41
2024,ELR,ELRCS12169R,8.41,7.5
2025,ELR,ELRCS12169R,7.5,7.12
2021,ELR,ELRCS16412S,8.09,15.56
2022,ELR,ELRCS16412S,15.56,17.34
2023,ELR,ELRCS16412S,17.34,12.9
2024,ELR,ELRCS16412S,12.9,11.62
2025,ELR,ELRCS16412S,11.62,15.52
2024,ELR,ELRCS23412RE,0.0,0.0
2025,ELR,ELRCS23412RE,0.0,0.0
2024,ELR,ELRCS23412RP,0.0,0.0
2025,ELR,ELRCS23412RP,0.0,0.0
2024,ELR,ELRCS23412RW,0.0,0.0
2025,ELR,ELRCS23412RW,0.0,0.0
2021,ENZ,ENZCS0422,26.11,24.62
2022,ENZ,ENZCS0422,24.62,21.88
2023,ENZ,ENZCS0422,21.88,20.76
2024,ENZ,ENZCS0422,20.76,20.04
2025,ENZ,ENZCS0422,20.04,16.18
2021,ENZ,ENZCS0423,24.13,17.32
2022,ENZ,ENZCS0423,17.32,22.84
2023,ENZ,ENZCS0423,22.84,21.36
2024,ENZ,ENZCS0423,21.36,17.56
2025,ENZ,ENZCS0423,17.56,16.76
2021,ENZ,ENZCS06N,14.8,13.27
2022,ENZ,ENZCS06N,13.27,9.66
2023,ENZ,ENZCS06N,9.66,8.64
2024,ENZ,ENZCS06N,8.64,6.96
2025,ENZ,ENZCS06N,6.96,7.86
2021,ENZ,ENZCS06S,11.91,13.67
2022,ENZ,ENZCS06S,13.67,9.42
2023,ENZ,ENZCS06S,9.42,8.22
2024,ENZ,ENZCS06S,8.22,7.7
2025,ENZ,ENZCS06S,7.7,7.9
2021,ENZ,ENZCS06W,10.67,13.57
2022,ENZ,ENZCS06W,13.57,12.76
2023,ENZ,ENZCS06W,12.76,13.0
2024,ENZ,ENZCS06W,13.0,11.82
2025,ENZ,ENZCS06W,11.82,10.84
2021,ENZ,ENZCS09338SE,12.54,11.29
2022,ENZ,ENZCS09338SE,11.29,11.12
2023,ENZ,ENZCS09338SE,11.12,6.82
2024,ENZ,ENZCS09338SE,6.82,8.3
2025,ENZ,ENZCS09338SE,8.3,8.28
2021,ENZ,ENZCS09338SW,21.15,20.75
2022,ENZ,ENZCS09338SW,20.75,17.76
2023,ENZ,ENZCS09338SW,17.76,12.26
2024,ENZ,ENZCS09338SW,12.26,16.6
2025,ENZ,ENZCS09338SW,16.6,11.44
2021,ENZ,ENZCS09338SWF,0.0,0.0
2022,ENZ,ENZCS09338SWF,0.0,0.0
2023,ENZ,ENZCS09338SWF,0.0,0.0
2024,ENZ,ENZCS09338SWF,0.0,0.0
2025,ENZ,ENZCS09338SWF,0.0,0.0
2021,ENZ,ENZCS09338SWI,0.0,0.0
2022,ENZ,ENZCS09338SWI,0.0,0.0
2023,ENZ,ENZCS09338SWI,0.0,0.0
2024,ENZ,ENZCS09338SWI,0.0,0.0
2025,ENZ,ENZCS09338SWI,0.0,0.0
2021,ENZ,ENZCS1906S,0.0,0.0
2022,ENZ,ENZCS1906S,0.0,2.99
2023,ENZ,ENZCS1906S,2.99,3.1
2024,ENZ,ENZCS1906S,3.1,4.88
2025,ENZ,ENZCS1906S,4.88,4.62
2021,ENZ,ENZCS19412R,0.0,0.0
2022,ENZ,ENZCS19412R,0.0,0.0
2021,ENZ,ENZCS19412RE,0.0,0.0
2022,ENZ,ENZCS19412RE,0.0,2.06
2023,ENZ,ENZCS19412RE,2.06,3.06
2024,ENZ,ENZCS19412RE,3.06,4.94
2025,ENZ,ENZCS19412RE,4.94,4.94
2021,ENZ,ENZCS19412RW,0.0,0.0
2022,ENZ,ENZCS19412RW,0.0,4.5
2023,ENZ,ENZCS19412RW,4.5,2.66
2024,ENZ,ENZCS19412RW,2.66,9.2
2025,ENZ,ENZCS19412RW,9.2,10.28
2024,ENZ,ENZCS23412SE,0.0,0.0
2025,ENZ,ENZCS23412SE,0.0,0.0
2024,ENZ,ENZCS23412SW,0.0,0.0
2025,ENZ,ENZCS23412SW,0.0,0.0
2021,RMM,RMMCS20338SOM,0.0,0.0
2022,RMM,RMMCS20338SOM,0.0,0.0
2023,RMM,RMMCS20338SOM,0.0,9.46
2024,RMM,RMMCS20338SOM,9.46,11.72
2025,RMM,RMMCS20338SOM,11.72,8.06
2021,RMM,RMMCS20338SON,0.0,0.0
2022,RMM,RMMCS20338SON,0.0,0.0
2023,RMM,RMMCS20338SON,0.0,7.82
2024,RMM,RMMCS20338SON,7.82,7.72
2025,RMM,RMMCS20338SON,7.72,7.92
2021,RMM,RMMCS20338SOSE,0.0,0.0
2022,RMM,RMMCS20338SOSE,0.0,0.0
2023,RMM,RMMCS20338SOSE,0.0,9.28
2024,RMM,RMMCS20338SOSE,9.28,13.02
2025,RMM,RMMCS20338SOSE,13.02,7.74
2021,RMM,RMMCS20338SOSW,0.0,0.0
2022,RMM,RMMCS20338SOSW,0.0,0.0
2023,RMM,RMMCS20338SOSW,0.0,8.62
2024,RMM,RMMCS20338SOSW,8.62,10.22
2025,RMM,RMMCS20338SOSW,10.22,8.26
2022,RMM,RMMCS21338S,0.0,0.0
2023,RMM,RMMCS21338S,0.0,0.0
2024,RMM,RMMCS21338S,0.0,15.74
2025,RMM,RMMCS21338S,15.74,11.98
2025,RMM,RMMCS21GREEN,0.0,0.0
2025,RMM,RMMCS21YELLOW,0.0,0.0
2021,RMM,TLFCS05M,12.68,14.67
2022,RMM,TLFCS05M,14.67,15.54
2023,RMM,TLFCS05M,15.54,12.72
2024,RMM,TLFCS05M,12.72,9.9
2025,RMM,TLFCS05M,9.9,8.04
2021,RMM,TLFCS05N,8.97,9.64
2022,RMM,TLFCS05N,9.64,10.54
2023,RMM,TLFCS05N,10.54,8.66
2024,RMM,TLFCS05N,8.66,6.66
2025,RMM,TLFCS05N,6.66,5.6
2021,RMM,TLFCS05S,8.75,9.03
2022,RMM,TLFCS05S,9.03,9.78
2023,RMM,TLFCS05S,9.78,8.92
2024,RMM,TLFCS05S,8.92,7.32
2025,RMM,TLFCS05S,7.32,6.6
2021,RMM,TLFCS06NN,12.72,13.91
2022,RMM,TLFCS06NN,13.91,15.78
2023,RMM,TLFCS06NN,15.78,12.66
2024,RMM,TLFCS06NN,12.66,11.54
2025,RMM,TLFCS06NN,11.54,5.3
2021,RMM,TLFCS06NS,9.54,11.13
2022,RMM,TLFCS06NS,11.13,12.72
2023,RMM,TLFCS06NS,12.72,11.22
2024,RMM,TLFCS06NS,11.22,9.42
2025,RMM,TLFCS06NS,9.42,4.62
2021,RMM,TLFCS09169P,5.39,5.81
2022,RMM,TLFCS09169P,5.81,6.6
2023,RMM,TLFCS09169P,6.6,5.92
2024,RMM,TLFCS09169P,5.92,3.88
2025,RMM,TLFCS09169P,3.88,2.98
2021,RMM,TLFCS09169RE,5.2,4.77
2022,RMM,TLFCS09169RE,4.77,4.76
2023,RMM,TLFCS09169RE,4.76,5.26
2024,RMM,TLFCS09169RE,5.26,3.5
2025,RMM,TLFCS09169RE,3.5,2.22
2021,RMM,TLFCS09169RWZ,6.85,6.96
2022,RMM,TLFCS09169RWZ,6.96,6.34
2023,RMM,TLFCS09169RWZ,6.34,7.04
2024,RMM,TLFCS09169RWZ,7.04,4.98
2025,RMM,TLFCS09169RWZ,4.98,3.62
2021,RMM,TLFCS09338PN,2.92,3.16
2022,RMM,TLFCS09338PN,3.16,2.32
2023,RMM,TLFCS09338PN,2.32,2.02
2024,RMM,TLFCS09338PN,2.02,1.82
2025,RMM,TLFCS09338PN,1.82,1.58
2021,RMM,TLFCS09338PS,9.2,10.22
2022,RMM,TLFCS09338PS,10.22,9.54
2023,RMM,TLFCS09338PS,9.54,7.94
2024,RMM,TLFCS09338PS,7.94,6.44
2025,RMM,TLFCS09338PS,6.44,5.2
2021,RMM,TLFCS09338PW,6.3,6.39
2022,RMM,TLFCS09338PW,6.39,6.6
2023,RMM,TLFCS09338PW,6.6,6.58
2024,RMM,TLFCS09338PW,6.58,4.44
2025,RMM,TLFCS09338PW,4.44,3.5
2021,RMM,TLFCS09338RE,9.18,8.62
2022,RMM,TLFCS09338RE,8.62,8.7
2023,RMM,TLFCS09338RE,8.7,9.96
2024,RMM,TLFCS09338RE,9.96,7.42
2025,RMM,TLFCS09338RE,7.42,4.58
2021,RMM,TLFCS09338RWZ,13.36,11.39
2022,RMM,TLFCS09338RWZ,11.39,10.1
2023,RMM,TLFCS09338RWZ,10.1,11.5
2024,RMM,TLFCS09338RWZ,11.5,8.66
2025,RMM,TLFCS09338RWZ,8.66,5.58
2021,RMM,TLFCS10338R,23.06,25.54
2022,RMM,TLFCS10338R,25.54,26.36
2023,RMM,TLFCS10338R,26.36,20.26
2024,RMM,TLFCS10338R,20.26,12.88
2025,RMM,TLFCS10338R,12.88,15.62
2021,RMM,TLFCS1116914E,10.73,9.29
2022,RMM,TLFCS1116914E,9.29,8.68
2023,RMM,TLFCS1116914E,8.68,7.84
2024,RMM,TLFCS1116914E,7.84,7.52
2025,RMM,TLFCS1116914E,7.52,6.52
2021,RMM,TLFCS1116914W,5.21,4.57
2022,RMM,TLFCS1116914W,4.57,4.08
2023,RMM,TLFCS1116914W,4.08,4.0
2024,RMM,TLFCS1116914W,4.0,3.82
2025,RMM,TLFCS1116914W,3.82,3.34
2021,RMM,TLFCS11338SO,21.0,22.06
2022,RMM,TLFCS11338SO,22.06,19.9
2023,RMM,TLFCS11338SO,19.9,18.12
2024,RMM,TLFCS11338SO,18.12,11.56
2025,RMM,TLFCS11338SO,11.56,14.58
2021,RMM,TLFCS1416914N,10.32,9.41
2022,RMM,TLFCS1416914N,9.41,9.6
2023,RMM,TLFCS1416914N,9.6,6.74
2024,RMM,TLFCS1416914N,6.74,4.42
2025,RMM,TLFCS1416914N,4.42,9.8
2021,RMM,TLFCS1416914S,9.43,8.2
2022,RMM,TLFCS1416914S,8.2,9.79
2023,RMM,TLFCS1416914S,9.79,3.24
2024,RMM,TLFCS1416914S,3.24,4.02
2025,RMM,TLFCS1416914S,4.02,7.18
2021,RMM,TLFCS1441214,8.47,7.77
2022,RMM,TLFCS1441214,7.77,9.94
2023,RMM,TLFCS1441214,9.94,6.42
2024,RMM,TLFCS1441214,6.42,3.84
2025,RMM,TLFCS1441214,3.84,6.6
2021,RMM,TLFCS19338S,0.0,0.0
2022,RMM,TLFCS19338S,0.0,1.26
2023,RMM,TLFCS19338S,1.26,3.92
2024,RMM,TLFCS19338S,3.92,2.04
2025,RMM,TLFCS19338S,2.04,2.84
2021,RMM,TLFCS19338SE,0.0,0.0
2022,RMM,TLFCS19338SE,0.0,1.74
2023,RMM,TLFCS19338SE,1.74,4.26
2024,RMM,TLFCS19338SE,4.26,3.08
2025,RMM,TLFCS19338SE,3.08,4.92
2021,RMM,TLFCS19338SN,0.0,0.0
2022,RMM,TLFCS19338SN,0.0,0.0
2021,RMM,TLFCS19338SS,0.0,0.0
2022,RMM,TLFCS19338SS,0.0,1.36
2023,RMM,TLFCS19338SS,1.36,4.26
2024,RMM,TLFCS19338SS,4.26,2.66
2025,RMM,TLFCS19338SS,2.66,3.86
2021,RMM,TLFCS19338SW,0.0,0.0
2022,RMM,TLFCS19338SW,0.0,2.28
2023,RMM,TLFCS19338SW,2.28,6.5
2024,RMM,TLFCS19338SW,6.5,3.3
2025,RMM,TLFCS19338SW,3.3,5.46
2024,RMM,TLFCS23338SNE,0.0,0.0
2025,RMM,TLFCS23338SNE,0.0,0.0
2024,RMM,TLFCS23338SNW,0.0,0.0
2025,RMM,TLFCS23338SNW,0.0,0.0
2024,RMM,TLFCS23338SSE,0.0,0.0
2025,RMM,TLFCS23338SSE,0.0,0.0
2024,RMM,TLFCS23338SSW,0.0,0.0
2025,RMM,TLFCS23338SSW,0.0,0.0
