harvest_year,vineyard,block,yield_actual,weather_gdd_from_mar_max,weather_rain_daily_sum,weather_temp_max_mean,weather_vpd_max_mean
2020,ELR,ELRCS04EE,5.63,2222.0,797.0,18.925081433224754,1.5264495114006515
2021,ELR,ELRCS04EE,9.03,2408.0,732.4,21.06231884057971,1.6642898550724636
2022,ELR,ELRCS04EE,4.09,2227.0,734.2,20.49890410958904,1.6017534246575342
2023,ELR,ELRCS04EE,2.63,2218.0,797.7,18.479726027397263,1.449972602739726
2024,ELR,ELRCS04EE,2.42,2328.0,649.9,21.237260273972602,1.6198356164383563
2025,ELR,ELRCS04EE,2.84,2321.0,364.9,21.89123287671233,1.8915616438356164
2020,ELR,ELRCS04EW,7.37,2222.0,797.0,18.925081433224754,1.5264495114006515
2021,ELR,ELRCS04EW,8.18,2408.0,732.4,21.06231884057971,1.6642898550724636
2022,ELR,ELRCS04EW,6.03,2227.0,734.2,20.49890410958904,1.6017534246575342
2023,ELR,ELRCS04EW,4.8,2218.0,797.7,18.479726027397263,1.449972602739726
2024,ELR,ELRCS04EW,4.18,2328.0,649.9,21.237260273972602,1.6198356164383563
2025,ELR,ELRCS04EW,8.08,2321.0,364.9,21.89123287671233,1.8915616438356164
2020,ELR,ELRCS04WE,3.31,2222.0,797.0,18.925081433224754,1.5264495114006515
2021,ELR,ELRCS04WE,5.05,2408.0,732.4,21.06231884057971,1.6642898550724636
2022,ELR,ELRCS04WE,3.02,2227.0,734.2,20.49890410958904,1.6017534246575342
2023,ELR,ELRCS04WE,1.98,2218.0,797.7,18.479726027397263,1.449972602739726
2024,ELR,ELRCS04WE,1.84,2328.0,649.9,21.237260273972602,1.6198356164383563
2025,ELR,ELRCS04WE,3.02,2321.0,364.9,21.89123287671233,1.8915616438356164
2020,ELR,ELRCS04WW,5.11,2222.0,797.0,18.925081433224754,1.5264495114006515
2021,ELR,ELRCS04WW,5.37,2408.0,732.4,21.06231884057971,1.6642898550724636
2022,ELR,ELRCS04WW,2.43,2227.0,734.2,20.49890410958904,1.6017534246575342
2023,ELR,ELRCS04WW,3.26,2218.0,797.7,18.479726027397263,1.449972602739726
2024,ELR,ELRCS04WW,2.9,2328.0,649.9,21.237260273972602,1.6198356164383563
2025,ELR,ELRCS04WW,5.94,2321.0,364.9,21.89123287671233,1.8915616438356164
2020,ELR,ELRCS09338SON,8.74,2222.0,797.0,18.925081433224754,1.5264495114006515
2021,ELR,ELRCS09338SON,7.6,2408.0,732.4,21.06231884057971,1.6642898550724636
2022,ELR,ELRCS09338SON,6.84,2227.0,734.2,20.49890410958904,1.6017534246575342
2023,ELR,ELRCS09338SON,5.2,2218.0,797.7,18.479726027397263,1.449972602739726
2024,ELR,ELRCS09338SON,5.58,2328.0,649.9,21.237260273972602,1.6198356164383563
2025,ELR,ELRCS09338SON,6.06,2321.0,364.9,21.89123287671233,1.8915616438356164
2020,ELR,ELRCS09338SOSE,15.1,2222.0,797.0,18.925081433224754,1.5264495114006515
2021,ELR,ELRCS09338SOSE,19.39,2408.0,732.4,21.06231884057971,1.6642898550724636
2022,ELR,ELRCS09338SOSE,14.64,2227.0,734.2,20.49890410958904,1.6017534246575342
2023,ELR,ELRCS09338SOSE,13.2,2218.0,797.7,18.479726027397263,1.449972602739726
2024,ELR,ELRCS09338SOSE,12.6,2328.0,649.9,21.237260273972602,1.6198356164383563
2025,ELR,ELRCS09338SOSE,9.62,2321.0,364.9,21.89123287671233,1.8915616438356164
2020,ELR,ELRCS09338SOSW,12.96,2222.0,797.0,18.925081433224754,1.5264495114006515
2021,ELR,ELRCS09338SOSW,12.06,2408.0,732.4,21.06231884057971,1.6642898550724636
2022,ELR,ELRCS09338SOSW,6.7,2227.0,734.2,20.49890410958904,1.6017534246575342
2023,ELR,ELRCS09338SOSW,7.5,2218.0,797.7,18.479726027397263,1.449972602739726
2024,ELR,ELRCS09338SOSW,5.82,2328.0,649.9,21.237260273972602,1.6198356164383563
2025,ELR,ELRCS09338SOSW,6.3,2321.0,364.9,21.89123287671233,1.8915616438356164
2020,ELR,ELRCS16412S,8.09,2222.0,797.0,18.925081433224754,1.5264495114006515
2021,ELR,ELRCS16412S,15.56,2408.0,732.4,21.06231884057971,1.6642898550724636
2022,ELR,ELRCS16412S,17.34,2227.0,734.2,20.49890410958904,1.6017534246575342
2023,ELR,ELRCS16412S,12.9,2218.0,797.7,18.479726027397263,1.449972602739726
2024,ELR,ELRCS16412S,11.62,2328.0,649.9,21.237260273972602,1.6198356164383563
2025,ELR,ELRCS16412S,15.52,2321.0,364.9,21.89123287671233,1.8915616438356164
2020,RMM,RMMCS20338SOM,0.0,3142.0,459.3,26.942019543973945,2.396319218241042
2021,RMM,RMMCS20338SOM,0.0,3586.0,398.3,26.361159420289855,2.2861159420289856
2022,RMM,RMMCS20338SOM,0.0,3005.0,441.4,25.703835616438354,2.1288493150684933
2023,RMM,RMMCS20338SOM,9.46,3113.0,623.6,26.641917808219176,2.2706027397260273
2024,RMM,RMMCS20338SOM,11.72,3173.0,506.9,26.23633879781421,2.1353551912568305
2025,RMM,RMMCS20338SOM,8.06,3184.0,198.2,27.848219178082193,2.5629315068493153
2020,RMM,RMMCS20338SON,0.0,3142.0,459.3,26.942019543973945,2.396319218241042
2021,RMM,RMMCS20338SON,0.0,3586.0,398.3,26.361159420289855,2.2861159420289856
2022,RMM,RMMCS20338SON,0.0,3005.0,441.4,25.703835616438354,2.1288493150684933
2023,RMM,RMMCS20338SON,7.82,3113.0,623.6,26.641917808219176,2.2706027397260273
2024,RMM,RMMCS20338SON,7.72,3173.0,506.9,26.23633879781421,2.1353551912568305
2025,RMM,RMMCS20338SON,7.92,3184.0,198.2,27.848219178082193,2.5629315068493153
2020,RMM,RMMCS20338SOSE,0.0,3142.0,459.3,26.942019543973945,2.396319218241042
2021,RMM,RMMCS20338SOSE,0.0,3586.0,398.3,26.361159420289855,2.2861159420289856
2022,RMM,RMMCS20338SOSE,0.0,3005.0,441.4,25.703835616438354,2.1288493150684933
2023,RMM,RMMCS20338SOSE,9.28,3113.0,623.6,26.641917808219176,2.2706027397260273
2024,RMM,RMMCS20338SOSE,13.02,3173.0,506.9,26.23633879781421,2.1353551912568305
2025,RMM,RMMCS20338SOSE,7.74,3184.0,198.2,27.848219178082193,2.5629315068493153
2020,RMM,RMMCS20338SOSW,0.0,3142.0,459.3,26.942019543973945,2.396319218241042
2021,RMM,RMMCS20338SOSW,0.0,3586.0,398.3,26.361159420289855,2.2861159420289856
2022,RMM,RMMCS20338SOSW,0.0,3005.0,441.4,25.703835616438354,2.1288493150684933
2023,RMM,RMMCS20338SOSW,8.62,3113.0,623.6,26.641917808219176,2.2706027397260273
2024,RMM,RMMCS20338SOSW,10.22,3173.0,506.9,26.23633879781421,2.1353551912568305
2025,RMM,RMMCS20338SOSW,8.26,3184.0,198.2,27.848219178082193,2.5629315068493153
2021,RMM,RMMCS21338S,0.0,3586.0,398.3,26.361159420289855,2.2861159420289856
2022,RMM,RMMCS21338S,0.0,3005.0,441.4,25.703835616438354,2.1288493150684933
2023,RMM,RMMCS21338S,0.0,3113.0,623.6,26.641917808219176,2.2706027397260273
2024,RMM,RMMCS21338S,15.74,3173.0,506.9,26.23633879781421,2.1353551912568305
2025,RMM,RMMCS21338S,11.98,3184.0,198.2,27.848219178082193,2.5629315068493153
2024,RMM,RMMCS21GREEN,0.0,3173.0,506.9,26.23633879781421,2.1353551912568305
2025,RMM,RMMCS21GREEN,0.0,3184.0,198.2,27.848219178082193,2.5629315068493153
2024,RMM,RMMCS21YELLOW,0.0,3173.0,506.9,26.23633879781421,2.1353551912568305
2025,RMM,RMMCS21YELLOW,0.0,3184.0,198.2,27.848219178082193,2.5629315068493153
2020,RMM,TLFCS05M,12.68,2728.0,600.8,24.572638436482084,2.2133224755700325
2021,RMM,TLFCS05M,14.67,2929.0,531.6,23.774202898550726,2.089246376811594
2022,RMM,TLFCS05M,15.54,2547.0,565.6,22.993972602739724,1.931945205479452
2023,RMM,TLFCS05M,12.72,2625.0,702.4,23.792876712328766,2.0255068493150685
2024,RMM,TLFCS05M,9.9,2680.0,662.6,23.59535519125683,1.9520218579234971
2025,RMM,TLFCS05M,8.04,2670.0,233.6,24.061643835616437,2.161808219178082
2020,RMM,TLFCS05N,8.97,2728.0,600.8,24.572638436482084,2.2133224755700325
2021,RMM,TLFCS05N,9.64,2929.0,531.6,23.774202898550726,2.089246376811594
2022,RMM,TLFCS05N,10.54,2547.0,565.6,22.993972602739724,1.931945205479452
2023,RMM,TLFCS05N,8.66,2625.0,702.4,23.792876712328766,2.0255068493150685
2024,RMM,TLFCS05N,6.66,2680.0,662.6,23.59535519125683,1.9520218579234971
2025,RMM,TLFCS05N,5.6,2670.0,233.6,24.061643835616437,2.161808219178082
2020,RMM,TLFCS05S,8.75,2728.0,600.8,24.572638436482084,2.2133224755700325
2021,RMM,TLFCS05S,9.03,2929.0,531.6,23.774202898550726,2.089246376811594
2022,RMM,TLFCS05S,9.78,2547.0,565.6,22.993972602739724,1.931945205479452
2023,RMM,TLFCS05S,8.92,2625.0,702.4,23.792876712328766,2.0255068493150685
2024,RMM,TLFCS05S,7.32,2680.0,662.6,23.59535519125683,1.9520218579234971
2025,RMM,TLFCS05S,6.6,2670.0,233.6,24.061643835616437,2.161808219178082
2020,RMM,TLFCS06NN,12.72,2728.0,600.8,24.572638436482084,2.2133224755700325
2021,RMM,TLFCS06NN,13.91,2929.0,531.6,23.774202898550726,2.089246376811594
2022,RMM,TLFCS06NN,15.78,2547.0,565.6,22.993972602739724,1.931945205479452
2023,RMM,TLFCS06NN,12.66,2625.0,702.4,23.792876712328766,2.0255068493150685
2024,RMM,TLFCS06NN,11.54,2680.0,662.6,23.59535519125683,1.9520218579234971
2025,RMM,TLFCS06NN,5.3,2670.0,233.6,24.061643835616437,2.161808219178082
2020,RMM,TLFCS06NS,9.54,2728.0,600.8,24.572638436482084,2.2133224755700325
2021,RMM,TLFCS06NS,11.13,2929.0,531.6,23.774202898550726,2.089246376811594
2022,RMM,TLFCS06NS,12.72,2547.0,565.6,22.993972602739724,1.931945205479452
2023,RMM,TLFCS06NS,11.22,2625.0,702.4,23.792876712328766,2.0255068493150685
2024,RMM,TLFCS06NS,9.42,2680.0,662.6,23.59535519125683,1.9520218579234971
2025,RMM,TLFCS06NS,4.62,2670.0,233.6,24.061643835616437,2.161808219178082
2020,RMM,TLFCS09169P,5.39,2728.0,600.8,24.572638436482084,2.2133224755700325
2021,RMM,TLFCS09169P,5.81,2929.0,531.6,23.774202898550726,2.089246376811594
2022,RMM,TLFCS09169P,6.6,2547.0,565.6,22.993972602739724,1.931945205479452
2023,RMM,TLFCS09169P,5.92,2625.0,702.4,23.792876712328766,2.0255068493150685
2024,RMM,TLFCS09169P,3.88,2680.0,662.6,23.59535519125683,1.9520218579234971
2025,RMM,TLFCS09169P,2.98,2670.0,233.6,24.061643835616437,2.161808219178082
2020,RMM,TLFCS09169RE,5.2,2728.0,600.8,24.572638436482084,2.2133224755700325
2021,RMM,TLFCS09169RE,4.77,2929.0,531.6,23.774202898550726,2.089246376811594
2022,RMM,TLFCS09169RE,4.76,2547.0,565.6,22.993972602739724,1.931945205479452
2023,RMM,TLFCS09169RE,5.26,2625.0,702.4,23.792876712328766,2.0255068493150685
2024,RMM,TLFCS09169RE,3.5,2680.0,662.6,23.59535519125683,1.9520218579234971
2025,RMM,TLFCS09169RE,2.22,2670.0,233.6,24.061643835616437,2.161808219178082
2020,RMM,TLFCS09169RWZ,6.85,2728.0,600.8,24.572638436482084,2.2133224755700325
2021,RMM,TLFCS09169RWZ,6.96,2929.0,531.6,23.774202898550726,2.089246376811594
2022,RMM,TLFCS09169RWZ,6.34,2547.0,565.6,22.993972602739724,1.931945205479452
2023,RMM,TLFCS09169RWZ,7.04,2625.0,702.4,23.792876712328766,2.0255068493150685
2024,RMM,TLFCS09169RWZ,4.98,2680.0,662.6,23.59535519125683,1.9520218579234971
2025,RMM,TLFCS09169RWZ,3.62,2670.0,233.6,24.061643835616437,2.161808219178082
2020,RMM,TLFCS09338PN,2.92,2728.0,600.8,24.572638436482084,2.2133224755700325
2021,RMM,TLFCS09338PN,3.16,2929.0,531.6,23.774202898550726,2.089246376811594
2022,RMM,TLFCS09338PN,2.32,2547.0,565.6,22.993972602739724,1.931945205479452
2023,RMM,TLFCS09338PN,2.02,2625.0,702.4,23.792876712328766,2.0255068493150685
2024,RMM,TLFCS09338PN,1.82,2680.0,662.6,23.59535519125683,1.9520218579234971
2025,RMM,TLFCS09338PN,1.58,2670.0,233.6,24.061643835616437,2.161808219178082
2020,RMM,TLFCS09338PS,9.2,2728.0,600.8,24.572638436482084,2.2133224755700325
2021,RMM,TLFCS09338PS,10.22,2929.0,531.6,23.774202898550726,2.089246376811594
2022,RMM,TLFCS09338PS,9.54,2547.0,565.6,22.993972602739724,1.931945205479452
2023,RMM,TLFCS09338PS,7.94,2625.0,702.4,23.792876712328766,2.0255068493150685
2024,RMM,TLFCS09338PS,6.44,2680.0,662.6,23.59535519125683,1.9520218579234971
2025,RMM,TLFCS09338PS,5.2,2670.0,233.6,24.061643835616437,2.161808219178082
2020,RMM,TLFCS09338PW,6.3,2728.0,600.8,24.572638436482084,2.2133224755700325
2021,RMM,TLFCS09338PW,6.39,2929.0,531.6,23.774202898550726,2.089246376811594
2022,RMM,TLFCS09338PW,6.6,2547.0,565.6,22.993972602739724,1.931945205479452
2023,RMM,TLFCS09338PW,6.58,2625.0,702.4,23.792876712328766,2.0255068493150685
2024,RMM,TLFCS09338PW,4.44,2680.0,662.6,23.59535519125683,1.9520218579234971
2025,RMM,TLFCS09338PW,3.5,2670.0,233.6,24.061643835616437,2.161808219178082
2020,RMM,TLFCS09338RE,9.18,2728.0,600.8,24.572638436482084,2.2133224755700325
2021,RMM,TLFCS09338RE,8.62,2929.0,531.6,23.774202898550726,2.089246376811594
2022,RMM,TLFCS09338RE,8.7,2547.0,565.6,22.993972602739724,1.931945205479452
2023,RMM,TLFCS09338RE,9.96,2625.0,702.4,23.792876712328766,2.0255068493150685
2024,RMM,TLFCS09338RE,7.42,2680.0,662.6,23.59535519125683,1.9520218579234971
2025,RMM,TLFCS09338RE,4.58,2670.0,233.6,24.061643835616437,2.161808219178082
2020,RMM,TLFCS09338RWZ,13.36,2728.0,600.8,24.572638436482084,2.2133224755700325
2021,RMM,TLFCS09338RWZ,11.39,2929.0,531.6,23.774202898550726,2.089246376811594
2022,RMM,TLFCS09338RWZ,10.1,2547.0,565.6,22.993972602739724,1.931945205479452
2023,RMM,TLFCS09338RWZ,11.5,2625.0,702.4,23.792876712328766,2.0255068493150685
2024,RMM,TLFCS09338RWZ,8.66,2680.0,662.6,23.59535519125683,1.9520218579234971
2025,RMM,TLFCS09338RWZ,5.58,2670.0,233.6,24.061643835616437,2.161808219178082
2020,RMM,TLFCS10338R,23.06,2728.0,600.8,24.572638436482084,2.2133224755700325
2021,RMM,TLFCS10338R,25.54,2929.0,531.6,23.774202898550726,2.089246376811594
2022,RMM,TLFCS10338R,26.36,2547.0,565.6,22.993972602739724,1.931945205479452
2023,RMM,TLFCS10338R,20.26,2625.0,702.4,23.792876712328766,2.0255068493150685
2024,RMM,TLFCS10338R,12.88,2680.0,662.6,23.59535519125683,1.9520218579234971
2025,RMM,TLFCS10338R,15.62,2670.0,233.6,24.061643835616437,2.161808219178082
2020,RMM,TLFCS1116914E,10.73,2728.0,600.8,24.572638436482084,2.2133224755700325
2021,RMM,TLFCS1116914E,9.29,2929.0,531.6,23.774202898550726,2.089246376811594
2022,RMM,TLFCS1116914E,8.68,2547.0,565.6,22.993972602739724,1.931945205479452
2023,RMM,TLFCS1116914E,7.84,2625.0,702.4,23.792876712328766,2.0255068493150685
2024,RMM,TLFCS1116914E,7.52,2680.0,662.6,23.59535519125683,1.9520218579234971
2025,RMM,TLFCS1116914E,6.52,2670.0,233.6,24.061643835616437,2.161808219178082
2020,RMM,TLFCS1116914W,5.21,2728.0,600.8,24.572638436482084,2.2133224755700325
2021,RMM,TLFCS1116914W,4.57,2929.0,531.6,23.774202898550726,2.089246376811594
2022,RMM,TLFCS1116914W,4.08,2547.0,565.6,22.993972602739724,1.931945205479452
2023,RMM,TLFCS1116914W,4.0,2625.0,702.4,23.792876712328766,2.0255068493150685
2024,RMM,TLFCS1116914W,3.82,2680.0,662.6,23.59535519125683,1.9520218579234971
2025,RMM,TLFCS1116914W,3.34,2670.0,233.6,24.061643835616437,2.161808219178082
2020,RMM,TLFCS11338SO,21.0,2728.0,600.8,24.572638436482084,2.2133224755700325
2021,RMM,TLFCS11338SO,22.06,2929.0,531.6,23.774202898550726,2.089246376811594
2022,RMM,TLFCS11338SO,19.9,2547.0,565.6,22.993972602739724,1.931945205479452
2023,RMM,TLFCS11338SO,18.12,2625.0,702.4,23.792876712328766,2.0255068493150685
2024,RMM,TLFCS11338SO,11.56,2680.0,662.6,23.59535519125683,1.9520218579234971
2025,RMM,TLFCS11338SO,14.58,2670.0,233.6,24.061643835616437,2.161808219178082
2020,RMM,TLFCS1416914N,10.32,2728.0,600.8,24.572638436482084,2.2133224755700325
2021,RMM,TLFCS1416914N,9.41,2929.0,531.6,23.774202898550726,2.089246376811594
2022,RMM,TLFCS1416914N,9.6,2547.0,565.6,22.993972602739724,1.931945205479452
2023,RMM,TLFCS1416914N,6.74,2625.0,702.4,23.792876712328766,2.0255068493150685
2024,RMM,TLFCS1416914N,4.42,2680.0,662.6,23.59535519125683,1.9520218579234971
2025,RMM,TLFCS1416914N,9.8,2670.0,233.6,24.061643835616437,2.161808219178082
2020,RMM,TLFCS1416914S,9.43,2728.0,600.8,24.572638436482084,2.2133224755700325
2021,RMM,TLFCS1416914S,8.2,2929.0,531.6,23.774202898550726,2.089246376811594
2022,RMM,TLFCS1416914S,9.79,2547.0,565.6,22.993972602739724,1.931945205479452
2023,RMM,TLFCS1416914S,3.24,2625.0,702.4,23.792876712328766,2.0255068493150685
2024,RMM,TLFCS1416914S,4.02,2680.0,662.6,23.59535519125683,1.9520218579234971
2025,RMM,TLFCS1416914S,7.18,2670.0,233.6,24.061643835616437,2.161808219178082
2020,RMM,TLFCS1441214,8.47,2728.0,600.8,24.572638436482084,2.2133224755700325
2021,RMM,TLFCS1441214,7.77,2929.0,531.6,23.774202898550726,2.089246376811594
2022,RMM,TLFCS1441214,9.94,2547.0,565.6,22.993972602739724,1.931945205479452
2023,RMM,TLFCS1441214,6.42,2625.0,702.4,23.792876712328766,2.0255068493150685
2024,RMM,TLFCS1441214,3.84,2680.0,662.6,23.59535519125683,1.9520218579234971
2025,RMM,TLFCS1441214,6.6,2670.0,233.6,24.061643835616437,2.161808219178082
2020,RMM,TLFCS19338S,0.0,2728.0,600.8,24.572638436482084,2.2133224755700325
2021,RMM,TLFCS19338S,0.0,2929.0,531.6,23.774202898550726,2.089246376811594
2022,RMM,TLFCS19338S,1.26,2547.0,565.6,22.993972602739724,1.931945205479452
2023,RMM,TLFCS19338S,3.92,2625.0,702.4,23.792876712328766,2.0255068493150685
2024,RMM,TLFCS19338S,2.04,2680.0,662.6,23.59535519125683,1.9520218579234971
2025,RMM,TLFCS19338S,2.84,2670.0,233.6,24.061643835616437,2.161808219178082
2020,RMM,TLFCS19338SE,0.0,2728.0,600.8,24.572638436482084,2.2133224755700325
2021,RMM,TLFCS19338SE,0.0,2929.0,531.6,23.774202898550726,2.089246376811594
2022,RMM,TLFCS19338SE,1.74,2547.0,565.6,22.993972602739724,1.931945205479452
2023,RMM,TLFCS19338SE,4.26,2625.0,702.4,23.792876712328766,2.0255068493150685
2024,RMM,TLFCS19338SE,3.08,2680.0,662.6,23.59535519125683,1.9520218579234971
2025,RMM,TLFCS19338SE,4.92,2670.0,233.6,24.061643835616437,2.161808219178082
2020,RMM,TLFCS19338SS,0.0,2728.0,600.8,24.572638436482084,2.2133224755700325
2021,RMM,TLFCS19338SS,0.0,2929.0,531.6,23.774202898550726,2.089246376811594
2022,RMM,TLFCS19338SS,1.36,2547.0,565.6,22.993972602739724,1.931945205479452
2023,RMM,TLFCS19338SS,4.26,2625.0,702.4,23.792876712328766,2.0255068493150685
2024,RMM,TLFCS19338SS,2.66,2680.0,662.6,23.59535519125683,1.9520218579234971
2025,RMM,TLFCS19338SS,3.86,2670.0,233.6,24.061643835616437,2.161808219178082
2020,RMM,TLFCS19338SW,0.0,2728.0,600.8,24.572638436482084,2.2133224755700325
2021,RMM,TLFCS19338SW,0.0,2929.0,531.6,23.774202898550726,2.089246376811594
2022,RMM,TLFCS19338SW,2.28,2547.0,565.6,22.993972602739724,1.931945205479452
2023,RMM,TLFCS19338SW,6.5,2625.0,702.4,23.792876712328766,2.0255068493150685
2024,RMM,TLFCS19338SW,3.3,2680.0,662.6,23.59535519125683,1.9520218579234971
2025,RMM,TLFCS19338SW,5.46,2670.0,233.6,24.061643835616437,2.161808219178082
2023,RMM,TLFCS23338SNE,0.0,2625.0,702.4,23.792876712328766,2.0255068493150685
2024,RMM,TLFCS23338SNE,0.0,2680.0,662.6,23.59535519125683,1.9520218579234971
2025,RMM,TLFCS23338SNE,0.0,2670.0,233.6,24.061643835616437,2.161808219178082
2023,RMM,TLFCS23338SNW,0.0,2625.0,702.4,23.792876712328766,2.0255068493150685
2024,RMM,TLFCS23338SNW,0.0,2680.0,662.6,23.59535519125683,1.9520218579234971
2025,RMM,TLFCS23338SNW,0.0,2670.0,233.6,24.061643835616437,2.161808219178082
2023,RMM,TLFCS23338SSE,0.0,2625.0,702.4,23.792876712328766,2.0255068493150685
2024,RMM,TLFCS23338SSE,0.0,2680.0,662.6,23.59535519125683,1.9520218579234971
2025,RMM,TLFCS23338SSE,0.0,2670.0,233.6,24.061643835616437,2.161808219178082
2023,RMM,TLFCS23338SSW,0.0,2625.0,702.4,23.792876712328766,2.0255068493150685
2024,RMM,TLFCS23338SSW,0.0,2680.0,662.6,23.59535519125683,1.9520218579234971
2025,RMM,TLFCS23338SSW,0.0,2670.0,233.6,24.061643835616437,2.161808219178082
2025,RMM,TLFCS24338SE,0.0,2670.0,233.6,24.061643835616437,2.161808219178082
2025,RMM,TLFCS24338SW,0.0,2670.0,233.6,24.061643835616437,2.161808219178082
