harvest_year,vineyard,block,yield_actual,cluster_count,cluster_weight
2020,ELR,ELRCS04EW,7.37,25.0,124.0
2022,ELR,ELRCS04EW,6.03,20.0,123.0
2020,ELR,ELRCS04WE,3.31,25.0,65.0
2022,ELR,ELRCS04WE,3.02,18.0,81.0
2020,ELR,ELRCS04WW,5.11,30.0,133.0
2022,ELR,ELRCS04WW,2.43,17.0,99.0
2020,ELR,ELRCS0522E,5.67,21.0,88.0
2021,ELR,ELRCS0522E,6.08,20.0,88.0
2022,ELR,ELRCS0522E,4.92,13.0,111.0
2020,ELR,ELRCS0522W,5.76,20.0,42.0
2020,ELR,ELRCS05NE,5.92,28.0,92.0
2021,ELR,ELRCS05NE,5.83,17.0,86.0
2022,ELR,ELRCS05NE,5.24,16.0,97.0
2020,ELR,ELRCS05NW,2.91,23.0,71.0
2022,ELR,ELRCS05NW,3.32,15.0,76.0
2020,ELR,ELRCS09338SON,8.74,37.0,177.0
2022,ELR,ELRCS09338SON,6.84,22.0,162.0
2020,ELR,ELRCS09338SOSE,15.1,35.0,177.0
2022,ELR,ELRCS09338SOSE,14.64,18.0,207.0
2020,ELR,ELRCS09338SOSW,12.96,31.0,186.0
2022,ELR,ELRCS09338SOSW,6.7,22.0,198.0
2020,ELR,ELRCS1216914EF,5.19,34.0,117.0
2022,ELR,ELRCS1216914EF,4.09,23.0,140.0
2020,ELR,ELRCS1216914WI,3.33,35.0,129.0
2022,ELR,ELRCS1216914WI,3.17,23.0,110.0
2024,ELR,ELRCS12169PFOG1,0.0,,
2024,ELR,ELRCS12169PFOG2,0.0,,
2025,ELR,ELRCS12169PFOG2,0.0,,
2020,ELR,ELRCS12169R,14.44,35.0,136.0
2022,ELR,ELRCS12169R,10.65,26.0,118.0
2022,ELR,ELRCS16412S,17.34,27.0,116.0
2020,ENZ,ENZCS0422,26.11,37.0,111.0
2021,ENZ,ENZCS0422,24.62,29.0,134.0
2022,ENZ,ENZCS0422,21.88,27.0,88.0
2020,ENZ,ENZCS0423,24.13,35.0,121.0
2022,ENZ,ENZCS0423,22.84,26.0,89.0
2020,ENZ,ENZCS06N,14.8,37.0,109.0
2022,ENZ,ENZCS06N,9.66,32.0,76.0
2020,ENZ,ENZCS06S,11.91,36.0,101.0
2021,ENZ,ENZCS06S,13.67,37.0,110.0
2022,ENZ,ENZCS06S,9.42,26.0,95.0
2020,ENZ,ENZCS06W,10.67,40.0,117.0
2022,ENZ,ENZCS06W,12.76,31.0,95.0
2020,ENZ,ENZCS09338SE,12.54,38.0,139.0
2021,ENZ,ENZCS09338SE,11.29,66.0,182.0
2022,ENZ,ENZCS09338SE,11.12,30.0,117.0
2020,ENZ,ENZCS19412R,0.0,,
2021,ENZ,ENZCS19412R,0.0,,
2022,ENZ,ENZCS19412R,0.0,,
2022,ENZ,ENZCS19412RW,4.5,19.0,104.0
2024,RMM,RMMCS21GREEN,0.0,,
2025,RMM,RMMCS21GREEN,0.0,,
2024,RMM,RMMCS21YELLOW,0.0,,
2025,RMM,RMMCS21YELLOW,0.0,,
2020,RMM,TLFCS05M,12.68,33.0,116.0
2022,RMM,TLFCS05M,15.54,20.0,92.0
2020,RMM,TLFCS05N,8.97,36.0,100.0
2022,RMM,TLFCS05N,10.54,16.0,96.0
2020,RMM,TLFCS05S,8.75,34.0,115.0
2021,RMM,TLFCS05S,9.03,22.0,97.0
2022,RMM,TLFCS05S,9.78,18.0,101.0
2020,RMM,TLFCS06NN,12.72,33.0,112.0
2022,RMM,TLFCS06NN,15.78,20.0,112.0
2020,RMM,TLFCS06NS,9.54,32.0,117.0
2022,RMM,TLFCS06NS,12.72,18.0,115.0
2020,RMM,TLFCS09169P,5.39,29.0,128.0
2022,RMM,TLFCS09169P,6.6,28.0,109.0
2020,RMM,TLFCS09169RE,5.2,31.0,103.0
2022,RMM,TLFCS09169RE,4.76,28.0,96.0
2020,RMM,TLFCS09169RWZ,6.85,33.0,101.0
2022,RMM,TLFCS09169RWZ,6.34,37.0,108.0
2020,RMM,TLFCS09338PN,2.92,33.0,142.0
2022,RMM,TLFCS09338PN,2.32,30.0,114.0
2020,RMM,TLFCS09338PS,9.2,34.0,102.0
2022,RMM,TLFCS09338PS,9.54,33.0,47.0
2020,RMM,TLFCS09338PW,6.3,32.0,121.0
2022,RMM,TLFCS09338PW,6.6,31.0,121.0
2020,RMM,TLFCS09338RE,9.18,35.0,145.0
2022,RMM,TLFCS09338RE,8.7,33.0,101.0
2020,RMM,TLFCS09338RWZ,13.36,36.0,112.0
2022,RMM,TLFCS09338RWZ,10.1,31.0,97.0
2020,RMM,TLFCS10338R,23.06,34.0,142.0
2022,RMM,TLFCS10338R,26.36,32.0,112.0
2020,RMM,TLFCS1116914E,10.73,32.0,126.0
2022,RMM,TLFCS1116914E,8.68,26.0,113.0
2020,RMM,TLFCS1116914W,5.21,29.0,146.0
2022,RMM,TLFCS1116914W,4.08,25.0,116.0
2020,RMM,TLFCS11338SO,21.0,33.0,174.0
2022,RMM,TLFCS11338SO,19.9,30.0,159.0
2020,RMM,TLFCS1416914N,10.32,28.0,144.0
2021,RMM,TLFCS1416914N,9.41,25.0,188.0
2022,RMM,TLFCS1416914N,9.6,30.0,151.0
2020,RMM,TLFCS1416914S,9.43,24.0,124.0
2022,RMM,TLFCS1416914S,9.79,28.0,120.0
2020,RMM,TLFCS1441214,8.47,28.0,100.0
2022,RMM,TLFCS1441214,9.94,29.0,101.0
2022,RMM,TLFCS19338SE,1.74,11.0,184.0
2022,RMM,TLFCS19338SS,1.36,9.0,189.0
2022,RMM,TLFCS19338SW,2.28,14.0,136.0
2025,RMM,TLFCS24338SE,0.0,,
2025,RMM,TLFCS24338SW,0.0,,
