feature,correlation_with_yield,abs_correlation
yield_estimation,0.9280231341756171,0.9280231341756171
yield_prev_year,0.9147165842635674,0.9147165842635674
cluster_count,0.6117343674844751,0.6117343674844751
planting_year,-0.5270019643073488,0.5270019643073488
block_score,0.3591646997560344,0.3591646997560344
size,0.3173843088455428,0.3173843088455428
cluster_weight,0.2526812801832569,0.2526812801832569
vines_per_quarter_acre,-0.2007952364417456,0.2007952364417456
weather_cold_hours_sum,0.19283858210252022,0.19283858210252022
altitude_m,0.17960256995081889,0.17960256995081889
weather_rain_daily_sum,0.17365330443599064,0.17365330443599064
weather_temp_min_mean,-0.16595231980990355,0.16595231980990355
distance_between_vines,0.16388179588979743,0.16388179588979743
distance_between_rows,0.16326678831936095,0.16326678831936095
weather_gdd_from_mar_max,-0.16277292897143733,0.16277292897143733
weather_temp_max_mean,-0.15193132774782536,0.15193132774782536
rr_w,0.13629438169201918,0.13629438169201918
harvest_year,-0.13374348761439495,0.13374348761439495
weather_vpd_max_mean,-0.12910268113076495,0.12910268113076495
degree,-0.061745005358937566,0.061745005358937566
weather_solar_rad_mean,-0.027898843511066043,0.027898843511066043
